"LOCATION","INDICATOR","SUBJECT","MEASURE","FREQUENCY","TIME","Value","Flag Codes"
"AUS","PUBUNEMPEXP","TOT","PC_GDP","A","1999",0.988,
"AUS","PUBUNEMPEXP","TOT","PC_GDP","A","2000",0.926,
"AUS","PUBUNEMPEXP","TOT","PC_GDP","A","2001",0.885,
"AUS","PUBUNEMPEXP","TOT","PC_GDP","A","2002",0.773,
"AUS","PUBUNEMPEXP","TOT","PC_GDP","A","2003",0.7,
"AUS","PUBUNEMPEXP","TOT","PC_GDP","A","2004",0.62,
"AUS","PUBUNEMPEXP","TOT","PC_GDP","A","2005",0.547,
"AUS","PUBUNEMPEXP","TOT","PC_GDP","A","2006",0.484,
"AUS","PUBUNEMPEXP","TOT","PC_GDP","A","2007",0.408,
"AUS","PUBUNEMPEXP","TOT","PC_GDP","A","2008",0.444,
"AUS","PUBUNEMPEXP","TOT","PC_GDP","A","2009",0.541,
"AUS","PUBUNEMPEXP","TOT","PC_GDP","A","2010",0.503,
"AUS","PUBUNEMPEXP","TOT","PC_GDP","A","2011",0.509,
"AUS","PUBUNEMPEXP","TOT","PC_GDP","A","2012",0.566,
"AUS","PUBUNEMPEXP","TOT","PC_GDP","A","2013",0.642,
"AUS","PUBUNEMPEXP","TOT","PC_GDP","A","2014",0.671,
"AUS","PUBUNEMPEXP","TOT","PC_GDP","A","2015",0.683,
"AUS","PUBUNEMPEXP","TOT","PC_GDP","A","2016",0.642,
"AUS","PUBUNEMPEXP","TOT","PC_GDP","A","2017",0.604,
"AUT","PUBUNEMPEXP","TOT","PC_GDP","A","1999",1.021,
"AUT","PUBUNEMPEXP","TOT","PC_GDP","A","2000",0.922,
"AUT","PUBUNEMPEXP","TOT","PC_GDP","A","2001",0.909,
"AUT","PUBUNEMPEXP","TOT","PC_GDP","A","2002",1.069,
"AUT","PUBUNEMPEXP","TOT","PC_GDP","A","2003",1.185,
"AUT","PUBUNEMPEXP","TOT","PC_GDP","A","2004",1.179,
"AUT","PUBUNEMPEXP","TOT","PC_GDP","A","2005",1.106,
"AUT","PUBUNEMPEXP","TOT","PC_GDP","A","2006",1.011,
"AUT","PUBUNEMPEXP","TOT","PC_GDP","A","2007",0.886,
"AUT","PUBUNEMPEXP","TOT","PC_GDP","A","2008",0.826,
"AUT","PUBUNEMPEXP","TOT","PC_GDP","A","2009",1.053,
"AUT","PUBUNEMPEXP","TOT","PC_GDP","A","2010",0.995,
"AUT","PUBUNEMPEXP","TOT","PC_GDP","A","2011",0.899,
"AUT","PUBUNEMPEXP","TOT","PC_GDP","A","2012",0.901,
"AUT","PUBUNEMPEXP","TOT","PC_GDP","A","2013",0.984,
"AUT","PUBUNEMPEXP","TOT","PC_GDP","A","2014",1.001,
"AUT","PUBUNEMPEXP","TOT","PC_GDP","A","2015",1.059,
"AUT","PUBUNEMPEXP","TOT","PC_GDP","A","2016",1.083,
"AUT","PUBUNEMPEXP","TOT","PC_GDP","A","2017",1.03,
"BEL","PUBUNEMPEXP","TOT","PC_GDP","A","1999",2.938,
"BEL","PUBUNEMPEXP","TOT","PC_GDP","A","2000",2.755,
"BEL","PUBUNEMPEXP","TOT","PC_GDP","A","2001",2.773,
"BEL","PUBUNEMPEXP","TOT","PC_GDP","A","2002",3.007,
"BEL","PUBUNEMPEXP","TOT","PC_GDP","A","2003",3.234,
"BEL","PUBUNEMPEXP","TOT","PC_GDP","A","2004",3.247,
"BEL","PUBUNEMPEXP","TOT","PC_GDP","A","2005",3.223,
"BEL","PUBUNEMPEXP","TOT","PC_GDP","A","2006",3.171,
"BEL","PUBUNEMPEXP","TOT","PC_GDP","A","2007",3.015,
"BEL","PUBUNEMPEXP","TOT","PC_GDP","A","2008",3.086,
"BEL","PUBUNEMPEXP","TOT","PC_GDP","A","2009",3.579,
"BEL","PUBUNEMPEXP","TOT","PC_GDP","A","2010",3.527,
"BEL","PUBUNEMPEXP","TOT","PC_GDP","A","2011",3.503,
"BEL","PUBUNEMPEXP","TOT","PC_GDP","A","2012",3.253,
"BEL","PUBUNEMPEXP","TOT","PC_GDP","A","2013",3.232,
"BEL","PUBUNEMPEXP","TOT","PC_GDP","A","2014",3.214,
"BEL","PUBUNEMPEXP","TOT","PC_GDP","A","2015",2.903,
"BEL","PUBUNEMPEXP","TOT","PC_GDP","A","2016",2.381,
"BEL","PUBUNEMPEXP","TOT","PC_GDP","A","2017",1.821,
"CAN","PUBUNEMPEXP","TOT","PC_GDP","A","1999",0.763,
"CAN","PUBUNEMPEXP","TOT","PC_GDP","A","2000",0.673,
"CAN","PUBUNEMPEXP","TOT","PC_GDP","A","2001",0.762,
"CAN","PUBUNEMPEXP","TOT","PC_GDP","A","2002",0.746,
"CAN","PUBUNEMPEXP","TOT","PC_GDP","A","2003",0.745,
"CAN","PUBUNEMPEXP","TOT","PC_GDP","A","2004",0.663,
"CAN","PUBUNEMPEXP","TOT","PC_GDP","A","2005",0.605,
"CAN","PUBUNEMPEXP","TOT","PC_GDP","A","2006",0.574,
"CAN","PUBUNEMPEXP","TOT","PC_GDP","A","2007",0.542,
"CAN","PUBUNEMPEXP","TOT","PC_GDP","A","2008",0.639,
"CAN","PUBUNEMPEXP","TOT","PC_GDP","A","2009",0.947,
"CAN","PUBUNEMPEXP","TOT","PC_GDP","A","2010",0.79,
"CAN","PUBUNEMPEXP","TOT","PC_GDP","A","2011",0.647,
"CAN","PUBUNEMPEXP","TOT","PC_GDP","A","2012",0.587,
"CAN","PUBUNEMPEXP","TOT","PC_GDP","A","2013",0.561,
"CAN","PUBUNEMPEXP","TOT","PC_GDP","A","2014",0.562,
"CAN","PUBUNEMPEXP","TOT","PC_GDP","A","2015",0.621,
"CAN","PUBUNEMPEXP","TOT","PC_GDP","A","2016",0.647,
"CAN","PUBUNEMPEXP","TOT","PC_GDP","A","2017",0.559,
"CAN","PUBUNEMPEXP","TOT","PC_GDP","A","2018",0.489,
"CZE","PUBUNEMPEXP","TOT","PC_GDP","A","1999",0.615,
"CZE","PUBUNEMPEXP","TOT","PC_GDP","A","2000",0.565,
"CZE","PUBUNEMPEXP","TOT","PC_GDP","A","2001",0.524,
"CZE","PUBUNEMPEXP","TOT","PC_GDP","A","2002",0.579,
"CZE","PUBUNEMPEXP","TOT","PC_GDP","A","2003",0.7,
"CZE","PUBUNEMPEXP","TOT","PC_GDP","A","2004",0.637,
"CZE","PUBUNEMPEXP","TOT","PC_GDP","A","2005",0.564,
"CZE","PUBUNEMPEXP","TOT","PC_GDP","A","2006",0.49,
"CZE","PUBUNEMPEXP","TOT","PC_GDP","A","2007",0.537,
"CZE","PUBUNEMPEXP","TOT","PC_GDP","A","2008",0.555,
"CZE","PUBUNEMPEXP","TOT","PC_GDP","A","2009",0.961,
"CZE","PUBUNEMPEXP","TOT","PC_GDP","A","2010",0.744,
"CZE","PUBUNEMPEXP","TOT","PC_GDP","A","2011",0.645,
"CZE","PUBUNEMPEXP","TOT","PC_GDP","A","2012",0.616,
"CZE","PUBUNEMPEXP","TOT","PC_GDP","A","2013",0.622,
"CZE","PUBUNEMPEXP","TOT","PC_GDP","A","2014",0.553,
"CZE","PUBUNEMPEXP","TOT","PC_GDP","A","2015",0.475,
"CZE","PUBUNEMPEXP","TOT","PC_GDP","A","2016",0.456,
"CZE","PUBUNEMPEXP","TOT","PC_GDP","A","2017",0.436,
"DNK","PUBUNEMPEXP","TOT","PC_GDP","A","1999",0.001,
"DNK","PUBUNEMPEXP","TOT","PC_GDP","A","2000",0,
"DNK","PUBUNEMPEXP","TOT","PC_GDP","A","2001",0,
"DNK","PUBUNEMPEXP","TOT","PC_GDP","A","2002",0,
"DNK","PUBUNEMPEXP","TOT","PC_GDP","A","2003",0,
"DNK","PUBUNEMPEXP","TOT","PC_GDP","A","2004",0,
"DNK","PUBUNEMPEXP","TOT","PC_GDP","A","2005",0,
"DNK","PUBUNEMPEXP","TOT","PC_GDP","A","2006",0,
"DNK","PUBUNEMPEXP","TOT","PC_GDP","A","2007",0,
"DNK","PUBUNEMPEXP","TOT","PC_GDP","A","2008",0,
"DNK","PUBUNEMPEXP","TOT","PC_GDP","A","2009",0,
"DNK","PUBUNEMPEXP","TOT","PC_GDP","A","2010",0,
"DNK","PUBUNEMPEXP","TOT","PC_GDP","A","2011",0,
"DNK","PUBUNEMPEXP","TOT","PC_GDP","A","2012",0,
"DNK","PUBUNEMPEXP","TOT","PC_GDP","A","2013",0,
"DNK","PUBUNEMPEXP","TOT","PC_GDP","A","2014",0,
"DNK","PUBUNEMPEXP","TOT","PC_GDP","A","2015",0,
"DNK","PUBUNEMPEXP","TOT","PC_GDP","A","2016",0,
"DNK","PUBUNEMPEXP","TOT","PC_GDP","A","2017",0,
"FIN","PUBUNEMPEXP","TOT","PC_GDP","A","1999",2.391,
"FIN","PUBUNEMPEXP","TOT","PC_GDP","A","2000",2.137,
"FIN","PUBUNEMPEXP","TOT","PC_GDP","A","2001",2,
"FIN","PUBUNEMPEXP","TOT","PC_GDP","A","2002",2.063,
"FIN","PUBUNEMPEXP","TOT","PC_GDP","A","2003",2.111,
"FIN","PUBUNEMPEXP","TOT","PC_GDP","A","2004",2.082,
"FIN","PUBUNEMPEXP","TOT","PC_GDP","A","2005",1.953,
"FIN","PUBUNEMPEXP","TOT","PC_GDP","A","2006",1.769,
"FIN","PUBUNEMPEXP","TOT","PC_GDP","A","2007",1.48,
"FIN","PUBUNEMPEXP","TOT","PC_GDP","A","2008",1.385,
"FIN","PUBUNEMPEXP","TOT","PC_GDP","A","2009",1.873,
"FIN","PUBUNEMPEXP","TOT","PC_GDP","A","2010",1.923,
"FIN","PUBUNEMPEXP","TOT","PC_GDP","A","2011",1.629,
"FIN","PUBUNEMPEXP","TOT","PC_GDP","A","2012",1.71,
"FIN","PUBUNEMPEXP","TOT","PC_GDP","A","2013",1.926,
"FIN","PUBUNEMPEXP","TOT","PC_GDP","A","2014",2.188,
"FIN","PUBUNEMPEXP","TOT","PC_GDP","A","2015",2.348,
"FIN","PUBUNEMPEXP","TOT","PC_GDP","A","2016",2.286,
"FIN","PUBUNEMPEXP","TOT","PC_GDP","A","2017",1.935,
"FRA","PUBUNEMPEXP","TOT","PC_GDP","A","1999",1.555,
"FRA","PUBUNEMPEXP","TOT","PC_GDP","A","2000",1.42,
"FRA","PUBUNEMPEXP","TOT","PC_GDP","A","2001",1.419,
"FRA","PUBUNEMPEXP","TOT","PC_GDP","A","2002",1.642,
"FRA","PUBUNEMPEXP","TOT","PC_GDP","A","2003",1.817,
"FRA","PUBUNEMPEXP","TOT","PC_GDP","A","2004",1.792,
"FRA","PUBUNEMPEXP","TOT","PC_GDP","A","2005",1.675,
"FRA","PUBUNEMPEXP","TOT","PC_GDP","A","2006",1.425,
"FRA","PUBUNEMPEXP","TOT","PC_GDP","A","2007",1.295,
"FRA","PUBUNEMPEXP","TOT","PC_GDP","A","2008",1.242,
"FRA","PUBUNEMPEXP","TOT","PC_GDP","A","2009",1.548,
"FRA","PUBUNEMPEXP","TOT","PC_GDP","A","2010",1.593,
"FRA","PUBUNEMPEXP","TOT","PC_GDP","A","2011",1.498,
"FRA","PUBUNEMPEXP","TOT","PC_GDP","A","2012",1.564,
"FRA","PUBUNEMPEXP","TOT","PC_GDP","A","2013",1.617,
"FRA","PUBUNEMPEXP","TOT","PC_GDP","A","2014",1.615,
"FRA","PUBUNEMPEXP","TOT","PC_GDP","A","2015",1.608,
"FRA","PUBUNEMPEXP","TOT","PC_GDP","A","2016",1.586,
"FRA","PUBUNEMPEXP","TOT","PC_GDP","A","2017",1.551,
"FRA","PUBUNEMPEXP","TOT","PC_GDP","A","2018",1.524,
"DEU","PUBUNEMPEXP","TOT","PC_GDP","A","1999",1.364,
"DEU","PUBUNEMPEXP","TOT","PC_GDP","A","2000",1.306,
"DEU","PUBUNEMPEXP","TOT","PC_GDP","A","2001",1.335,
"DEU","PUBUNEMPEXP","TOT","PC_GDP","A","2002",1.49,
"DEU","PUBUNEMPEXP","TOT","PC_GDP","A","2003",1.662,
"DEU","PUBUNEMPEXP","TOT","PC_GDP","A","2004",1.727,
"DEU","PUBUNEMPEXP","TOT","PC_GDP","A","2005",1.833,
"DEU","PUBUNEMPEXP","TOT","PC_GDP","A","2006",1.626,
"DEU","PUBUNEMPEXP","TOT","PC_GDP","A","2007",1.349,
"DEU","PUBUNEMPEXP","TOT","PC_GDP","A","2008",1.234,
"DEU","PUBUNEMPEXP","TOT","PC_GDP","A","2009",1.622,
"DEU","PUBUNEMPEXP","TOT","PC_GDP","A","2010",1.467,
"DEU","PUBUNEMPEXP","TOT","PC_GDP","A","2011",1.133,
"DEU","PUBUNEMPEXP","TOT","PC_GDP","A","2012",1.034,
"DEU","PUBUNEMPEXP","TOT","PC_GDP","A","2013",1.034,
"DEU","PUBUNEMPEXP","TOT","PC_GDP","A","2014",0.972,
"DEU","PUBUNEMPEXP","TOT","PC_GDP","A","2015",0.918,
"DEU","PUBUNEMPEXP","TOT","PC_GDP","A","2016",0.873,
"DEU","PUBUNEMPEXP","TOT","PC_GDP","A","2017",0.858,
"GRC","PUBUNEMPEXP","TOT","PC_GDP","A","1999",0.387,
"GRC","PUBUNEMPEXP","TOT","PC_GDP","A","2000",0.589,
"GRC","PUBUNEMPEXP","TOT","PC_GDP","A","2001",0.581,
"GRC","PUBUNEMPEXP","TOT","PC_GDP","A","2002",0.594,
"GRC","PUBUNEMPEXP","TOT","PC_GDP","A","2003",0.57,
"GRC","PUBUNEMPEXP","TOT","PC_GDP","A","2004",0.625,
"GRC","PUBUNEMPEXP","TOT","PC_GDP","A","2005",0.635,
"GRC","PUBUNEMPEXP","TOT","PC_GDP","A","2006",0.566,
"GRC","PUBUNEMPEXP","TOT","PC_GDP","A","2007",0.543,
"GRC","PUBUNEMPEXP","TOT","PC_GDP","A","2008",0.658,
"GRC","PUBUNEMPEXP","TOT","PC_GDP","A","2009",0.946,
"GRC","PUBUNEMPEXP","TOT","PC_GDP","A","2010",0.929,
"GRC","PUBUNEMPEXP","TOT","PC_GDP","A","2011",1.048,
"GRC","PUBUNEMPEXP","TOT","PC_GDP","A","2012",0.84,
"GRC","PUBUNEMPEXP","TOT","PC_GDP","A","2013",0.692,
"GRC","PUBUNEMPEXP","TOT","PC_GDP","A","2014",0.516,
"GRC","PUBUNEMPEXP","TOT","PC_GDP","A","2015",0.485,
"GRC","PUBUNEMPEXP","TOT","PC_GDP","A","2016",0.527,
"GRC","PUBUNEMPEXP","TOT","PC_GDP","A","2017",0.507,
"HUN","PUBUNEMPEXP","TOT","PC_GDP","A","1999",0.82,
"HUN","PUBUNEMPEXP","TOT","PC_GDP","A","2000",0.687,
"HUN","PUBUNEMPEXP","TOT","PC_GDP","A","2001",0.548,
"HUN","PUBUNEMPEXP","TOT","PC_GDP","A","2002",0.504,
"HUN","PUBUNEMPEXP","TOT","PC_GDP","A","2003",0.5,
"HUN","PUBUNEMPEXP","TOT","PC_GDP","A","2004",0.527,
"HUN","PUBUNEMPEXP","TOT","PC_GDP","A","2005",0.547,
"HUN","PUBUNEMPEXP","TOT","PC_GDP","A","2006",0.573,
"HUN","PUBUNEMPEXP","TOT","PC_GDP","A","2007",0.663,
"HUN","PUBUNEMPEXP","TOT","PC_GDP","A","2008",0.717,
"HUN","PUBUNEMPEXP","TOT","PC_GDP","A","2009",0.848,
"HUN","PUBUNEMPEXP","TOT","PC_GDP","A","2010",0.796,
"HUN","PUBUNEMPEXP","TOT","PC_GDP","A","2011",0.748,
"HUN","PUBUNEMPEXP","TOT","PC_GDP","A","2012",0.54,
"HUN","PUBUNEMPEXP","TOT","PC_GDP","A","2013",0.468,
"HUN","PUBUNEMPEXP","TOT","PC_GDP","A","2014",0.356,
"HUN","PUBUNEMPEXP","TOT","PC_GDP","A","2015",0.361,
"HUN","PUBUNEMPEXP","TOT","PC_GDP","A","2016",0.31,
"HUN","PUBUNEMPEXP","TOT","PC_GDP","A","2017",0.29,
"HUN","PUBUNEMPEXP","TOT","PC_GDP","A","2018",0.274,
"ISL","PUBUNEMPEXP","TOT","PC_GDP","A","1999",0.263,
"ISL","PUBUNEMPEXP","TOT","PC_GDP","A","2000",0.184,
"ISL","PUBUNEMPEXP","TOT","PC_GDP","A","2001",0.182,
"ISL","PUBUNEMPEXP","TOT","PC_GDP","A","2002",0.326,
"ISL","PUBUNEMPEXP","TOT","PC_GDP","A","2003",0.448,
"ISL","PUBUNEMPEXP","TOT","PC_GDP","A","2004",0.439,
"ISL","PUBUNEMPEXP","TOT","PC_GDP","A","2005",0.297,
"ISL","PUBUNEMPEXP","TOT","PC_GDP","A","2006",0.197,
"ISL","PUBUNEMPEXP","TOT","PC_GDP","A","2007",0.18,
"ISL","PUBUNEMPEXP","TOT","PC_GDP","A","2008",0.305,
"ISL","PUBUNEMPEXP","TOT","PC_GDP","A","2009",1.544,
"ISL","PUBUNEMPEXP","TOT","PC_GDP","A","2010",1.451,
"ISL","PUBUNEMPEXP","TOT","PC_GDP","A","2011",1.354,
"ISL","PUBUNEMPEXP","TOT","PC_GDP","A","2012",1.175,
"ISL","PUBUNEMPEXP","TOT","PC_GDP","A","2013",0.851,
"ISL","PUBUNEMPEXP","TOT","PC_GDP","A","2014",0.661,
"ISL","PUBUNEMPEXP","TOT","PC_GDP","A","2015",0.489,
"ISL","PUBUNEMPEXP","TOT","PC_GDP","A","2016",0.398,
"ISL","PUBUNEMPEXP","TOT","PC_GDP","A","2017",0.417,
"IRL","PUBUNEMPEXP","TOT","PC_GDP","A","1999",1.035,
"IRL","PUBUNEMPEXP","TOT","PC_GDP","A","2000",0.832,
"IRL","PUBUNEMPEXP","TOT","PC_GDP","A","2001",0.748,
"IRL","PUBUNEMPEXP","TOT","PC_GDP","A","2002",0.871,
"IRL","PUBUNEMPEXP","TOT","PC_GDP","A","2003",0.93,
"IRL","PUBUNEMPEXP","TOT","PC_GDP","A","2004",0.967,
"IRL","PUBUNEMPEXP","TOT","PC_GDP","A","2005",0.909,
"IRL","PUBUNEMPEXP","TOT","PC_GDP","A","2006",0.937,
"IRL","PUBUNEMPEXP","TOT","PC_GDP","A","2007",0.999,
"IRL","PUBUNEMPEXP","TOT","PC_GDP","A","2008",1.385,
"IRL","PUBUNEMPEXP","TOT","PC_GDP","A","2009",2.528,
"IRL","PUBUNEMPEXP","TOT","PC_GDP","A","2010",3.178,
"IRL","PUBUNEMPEXP","TOT","PC_GDP","A","2011",2.802,
"IRL","PUBUNEMPEXP","TOT","PC_GDP","A","2012",2.657,
"IRL","PUBUNEMPEXP","TOT","PC_GDP","A","2013",2.413,
"IRL","PUBUNEMPEXP","TOT","PC_GDP","A","2014",2.019,
"IRL","PUBUNEMPEXP","TOT","PC_GDP","A","2015",1.398,
"IRL","PUBUNEMPEXP","TOT","PC_GDP","A","2016",1.228,
"IRL","PUBUNEMPEXP","TOT","PC_GDP","A","2017",0.996,
"ITA","PUBUNEMPEXP","TOT","PC_GDP","A","1999",0.469,
"ITA","PUBUNEMPEXP","TOT","PC_GDP","A","2000",0.393,
"ITA","PUBUNEMPEXP","TOT","PC_GDP","A","2001",0.374,
"ITA","PUBUNEMPEXP","TOT","PC_GDP","A","2002",0.401,
"ITA","PUBUNEMPEXP","TOT","PC_GDP","A","2003",0.419,
"ITA","PUBUNEMPEXP","TOT","PC_GDP","A","2004",0.442,
"ITA","PUBUNEMPEXP","TOT","PC_GDP","A","2005",0.469,
"ITA","PUBUNEMPEXP","TOT","PC_GDP","A","2006",0.475,
"ITA","PUBUNEMPEXP","TOT","PC_GDP","A","2007",0.422,
"ITA","PUBUNEMPEXP","TOT","PC_GDP","A","2008",0.489,
"ITA","PUBUNEMPEXP","TOT","PC_GDP","A","2009",0.771,
"ITA","PUBUNEMPEXP","TOT","PC_GDP","A","2010",0.817,
"ITA","PUBUNEMPEXP","TOT","PC_GDP","A","2011",0.791,
"ITA","PUBUNEMPEXP","TOT","PC_GDP","A","2012",0.904,
"ITA","PUBUNEMPEXP","TOT","PC_GDP","A","2013",1.039,
"ITA","PUBUNEMPEXP","TOT","PC_GDP","A","2014",1.014,
"ITA","PUBUNEMPEXP","TOT","PC_GDP","A","2015",0.994,
"ITA","PUBUNEMPEXP","TOT","PC_GDP","A","2016",0.972,
"ITA","PUBUNEMPEXP","TOT","PC_GDP","A","2017",0.913,
"JPN","PUBUNEMPEXP","TOT","PC_GDP","A","1999",0.586,
"JPN","PUBUNEMPEXP","TOT","PC_GDP","A","2000",0.559,
"JPN","PUBUNEMPEXP","TOT","PC_GDP","A","2001",0.572,
"JPN","PUBUNEMPEXP","TOT","PC_GDP","A","2002",0.53,
"JPN","PUBUNEMPEXP","TOT","PC_GDP","A","2003",0.394,
"JPN","PUBUNEMPEXP","TOT","PC_GDP","A","2004",0.29,
"JPN","PUBUNEMPEXP","TOT","PC_GDP","A","2005",0.27,
"JPN","PUBUNEMPEXP","TOT","PC_GDP","A","2006",0.251,
"JPN","PUBUNEMPEXP","TOT","PC_GDP","A","2007",0.236,
"JPN","PUBUNEMPEXP","TOT","PC_GDP","A","2008",0.211,
"JPN","PUBUNEMPEXP","TOT","PC_GDP","A","2009",0.343,
"JPN","PUBUNEMPEXP","TOT","PC_GDP","A","2010",0.259,
"JPN","PUBUNEMPEXP","TOT","PC_GDP","A","2011",0.255,
"JPN","PUBUNEMPEXP","TOT","PC_GDP","A","2012",0.237,
"JPN","PUBUNEMPEXP","TOT","PC_GDP","A","2013",0.212,
"JPN","PUBUNEMPEXP","TOT","PC_GDP","A","2014",0.185,
"JPN","PUBUNEMPEXP","TOT","PC_GDP","A","2015",0.174,
"JPN","PUBUNEMPEXP","TOT","PC_GDP","A","2016",0.161,
"JPN","PUBUNEMPEXP","TOT","PC_GDP","A","2017",0.154,
"KOR","PUBUNEMPEXP","TOT","PC_GDP","A","1999",0.158,
"KOR","PUBUNEMPEXP","TOT","PC_GDP","A","2000",0.072,
"KOR","PUBUNEMPEXP","TOT","PC_GDP","A","2001",0.12,
"KOR","PUBUNEMPEXP","TOT","PC_GDP","A","2002",0.106,
"KOR","PUBUNEMPEXP","TOT","PC_GDP","A","2003",0.123,
"KOR","PUBUNEMPEXP","TOT","PC_GDP","A","2004",0.159,
"KOR","PUBUNEMPEXP","TOT","PC_GDP","A","2005",0.183,
"KOR","PUBUNEMPEXP","TOT","PC_GDP","A","2006",0.206,
"KOR","PUBUNEMPEXP","TOT","PC_GDP","A","2007",0.223,
"KOR","PUBUNEMPEXP","TOT","PC_GDP","A","2008",0.248,
"KOR","PUBUNEMPEXP","TOT","PC_GDP","A","2009",0.342,
"KOR","PUBUNEMPEXP","TOT","PC_GDP","A","2010",0.279,
"KOR","PUBUNEMPEXP","TOT","PC_GDP","A","2011",0.256,
"KOR","PUBUNEMPEXP","TOT","PC_GDP","A","2012",0.255,
"KOR","PUBUNEMPEXP","TOT","PC_GDP","A","2013",0.259,
"KOR","PUBUNEMPEXP","TOT","PC_GDP","A","2014",0.266,
"KOR","PUBUNEMPEXP","TOT","PC_GDP","A","2015",0.274,
"KOR","PUBUNEMPEXP","TOT","PC_GDP","A","2016",0.281,
"KOR","PUBUNEMPEXP","TOT","PC_GDP","A","2017",0.287,
"KOR","PUBUNEMPEXP","TOT","PC_GDP","A","2018",0.354,
"LUX","PUBUNEMPEXP","TOT","PC_GDP","A","1999",0.339,
"LUX","PUBUNEMPEXP","TOT","PC_GDP","A","2000",0.339,
"LUX","PUBUNEMPEXP","TOT","PC_GDP","A","2001",0.637,
"LUX","PUBUNEMPEXP","TOT","PC_GDP","A","2002",0.656,
"LUX","PUBUNEMPEXP","TOT","PC_GDP","A","2003",0.851,
"LUX","PUBUNEMPEXP","TOT","PC_GDP","A","2004",0.923,
"LUX","PUBUNEMPEXP","TOT","PC_GDP","A","2005",0.977,
"LUX","PUBUNEMPEXP","TOT","PC_GDP","A","2006",0.91,
"LUX","PUBUNEMPEXP","TOT","PC_GDP","A","2007",0.859,
"LUX","PUBUNEMPEXP","TOT","PC_GDP","A","2008",0.865,
"LUX","PUBUNEMPEXP","TOT","PC_GDP","A","2009",1.185,
"LUX","PUBUNEMPEXP","TOT","PC_GDP","A","2010",1.159,
"LUX","PUBUNEMPEXP","TOT","PC_GDP","A","2011",1.086,
"LUX","PUBUNEMPEXP","TOT","PC_GDP","A","2012",1.233,
"LUX","PUBUNEMPEXP","TOT","PC_GDP","A","2013",1.427,
"LUX","PUBUNEMPEXP","TOT","PC_GDP","A","2014",1.382,
"LUX","PUBUNEMPEXP","TOT","PC_GDP","A","2015",1.385,
"LUX","PUBUNEMPEXP","TOT","PC_GDP","A","2016",1.174,
"LUX","PUBUNEMPEXP","TOT","PC_GDP","A","2017",1.113,
"NLD","PUBUNEMPEXP","TOT","PC_GDP","A","1999",1.599,
"NLD","PUBUNEMPEXP","TOT","PC_GDP","A","2000",1.371,
"NLD","PUBUNEMPEXP","TOT","PC_GDP","A","2001",1.347,
"NLD","PUBUNEMPEXP","TOT","PC_GDP","A","2002",1.115,
"NLD","PUBUNEMPEXP","TOT","PC_GDP","A","2003",1.334,
"NLD","PUBUNEMPEXP","TOT","PC_GDP","A","2004",1.477,
"NLD","PUBUNEMPEXP","TOT","PC_GDP","A","2005",1.436,
"NLD","PUBUNEMPEXP","TOT","PC_GDP","A","2006",1.22,
"NLD","PUBUNEMPEXP","TOT","PC_GDP","A","2007",0.962,
"NLD","PUBUNEMPEXP","TOT","PC_GDP","A","2008",0.811,
"NLD","PUBUNEMPEXP","TOT","PC_GDP","A","2009",1.055,
"NLD","PUBUNEMPEXP","TOT","PC_GDP","A","2010",1.245,
"NLD","PUBUNEMPEXP","TOT","PC_GDP","A","2011",1.257,
"NLD","PUBUNEMPEXP","TOT","PC_GDP","A","2012",1.329,
"NLD","PUBUNEMPEXP","TOT","PC_GDP","A","2013",1.593,
"NLD","PUBUNEMPEXP","TOT","PC_GDP","A","2014",1.562,
"NLD","PUBUNEMPEXP","TOT","PC_GDP","A","2015",1.443,
"NLD","PUBUNEMPEXP","TOT","PC_GDP","A","2016",1.302,
"NLD","PUBUNEMPEXP","TOT","PC_GDP","A","2017",1.083,
"NZL","PUBUNEMPEXP","TOT","PC_GDP","A","1999",1.477,
"NZL","PUBUNEMPEXP","TOT","PC_GDP","A","2000",1.313,
"NZL","PUBUNEMPEXP","TOT","PC_GDP","A","2001",1.086,
"NZL","PUBUNEMPEXP","TOT","PC_GDP","A","2002",1.022,
"NZL","PUBUNEMPEXP","TOT","PC_GDP","A","2003",0.824,
"NZL","PUBUNEMPEXP","TOT","PC_GDP","A","2004",0.551,
"NZL","PUBUNEMPEXP","TOT","PC_GDP","A","2005",0.448,
"NZL","PUBUNEMPEXP","TOT","PC_GDP","A","2006",0.365,
"NZL","PUBUNEMPEXP","TOT","PC_GDP","A","2007",0.252,
"NZL","PUBUNEMPEXP","TOT","PC_GDP","A","2008",0.299,
"NZL","PUBUNEMPEXP","TOT","PC_GDP","A","2009",0.489,
"NZL","PUBUNEMPEXP","TOT","PC_GDP","A","2010",0.571,
"NZL","PUBUNEMPEXP","TOT","PC_GDP","A","2011",0.42,
"NZL","PUBUNEMPEXP","TOT","PC_GDP","A","2012",0.389,
"NZL","PUBUNEMPEXP","TOT","PC_GDP","A","2013",0.432,
"NZL","PUBUNEMPEXP","TOT","PC_GDP","A","2014",0.402,
"NZL","PUBUNEMPEXP","TOT","PC_GDP","A","2015",0.343,
"NZL","PUBUNEMPEXP","TOT","PC_GDP","A","2016",0.311,
"NZL","PUBUNEMPEXP","TOT","PC_GDP","A","2017",0.276,
"NZL","PUBUNEMPEXP","TOT","PC_GDP","A","2018",0.266,
"NOR","PUBUNEMPEXP","TOT","PC_GDP","A","1999",0.468,
"NOR","PUBUNEMPEXP","TOT","PC_GDP","A","2000",0.445,
"NOR","PUBUNEMPEXP","TOT","PC_GDP","A","2001",0.459,
"NOR","PUBUNEMPEXP","TOT","PC_GDP","A","2002",0.571,
"NOR","PUBUNEMPEXP","TOT","PC_GDP","A","2003",0.728,
"NOR","PUBUNEMPEXP","TOT","PC_GDP","A","2004",0.66,
"NOR","PUBUNEMPEXP","TOT","PC_GDP","A","2005",0.52,
"NOR","PUBUNEMPEXP","TOT","PC_GDP","A","2006",0.31,
"NOR","PUBUNEMPEXP","TOT","PC_GDP","A","2007",0.211,
"NOR","PUBUNEMPEXP","TOT","PC_GDP","A","2008",0.187,
"NOR","PUBUNEMPEXP","TOT","PC_GDP","A","2009",0.418,
"NOR","PUBUNEMPEXP","TOT","PC_GDP","A","2010",0.488,
"NOR","PUBUNEMPEXP","TOT","PC_GDP","A","2011",0.407,
"NOR","PUBUNEMPEXP","TOT","PC_GDP","A","2012",0.346,
"NOR","PUBUNEMPEXP","TOT","PC_GDP","A","2013",0.341,
"NOR","PUBUNEMPEXP","TOT","PC_GDP","A","2014",0.374,
"NOR","PUBUNEMPEXP","TOT","PC_GDP","A","2015",0.446,
"NOR","PUBUNEMPEXP","TOT","PC_GDP","A","2016",0.502,
"NOR","PUBUNEMPEXP","TOT","PC_GDP","A","2017",0.426,
"POL","PUBUNEMPEXP","TOT","PC_GDP","A","1999",0.587,
"POL","PUBUNEMPEXP","TOT","PC_GDP","A","2000",0.865,
"POL","PUBUNEMPEXP","TOT","PC_GDP","A","2001",0.873,
"POL","PUBUNEMPEXP","TOT","PC_GDP","A","2002",0.88,
"POL","PUBUNEMPEXP","TOT","PC_GDP","A","2003",0.798,
"POL","PUBUNEMPEXP","TOT","PC_GDP","A","2004",0.654,
"POL","PUBUNEMPEXP","TOT","PC_GDP","A","2005",0.533,
"POL","PUBUNEMPEXP","TOT","PC_GDP","A","2006",0.467,
"POL","PUBUNEMPEXP","TOT","PC_GDP","A","2007",0.31,
"POL","PUBUNEMPEXP","TOT","PC_GDP","A","2008",0.247,
"POL","PUBUNEMPEXP","TOT","PC_GDP","A","2009",0.272,
"POL","PUBUNEMPEXP","TOT","PC_GDP","A","2010",0.271,
"POL","PUBUNEMPEXP","TOT","PC_GDP","A","2011",0.229,
"POL","PUBUNEMPEXP","TOT","PC_GDP","A","2012",0.232,
"POL","PUBUNEMPEXP","TOT","PC_GDP","A","2013",0.248,
"POL","PUBUNEMPEXP","TOT","PC_GDP","A","2014",0.2,
"POL","PUBUNEMPEXP","TOT","PC_GDP","A","2015",0.167,
"POL","PUBUNEMPEXP","TOT","PC_GDP","A","2016",0.143,
"POL","PUBUNEMPEXP","TOT","PC_GDP","A","2017",0.249,
"PRT","PUBUNEMPEXP","TOT","PC_GDP","A","1999",0.612,
"PRT","PUBUNEMPEXP","TOT","PC_GDP","A","2000",0.627,
"PRT","PUBUNEMPEXP","TOT","PC_GDP","A","2001",0.641,
"PRT","PUBUNEMPEXP","TOT","PC_GDP","A","2002",0.767,
"PRT","PUBUNEMPEXP","TOT","PC_GDP","A","2003",1.022,
"PRT","PUBUNEMPEXP","TOT","PC_GDP","A","2004",1.095,
"PRT","PUBUNEMPEXP","TOT","PC_GDP","A","2005",1.333,
"PRT","PUBUNEMPEXP","TOT","PC_GDP","A","2006",1.287,
"PRT","PUBUNEMPEXP","TOT","PC_GDP","A","2007",1.139,
"PRT","PUBUNEMPEXP","TOT","PC_GDP","A","2008",0.875,
"PRT","PUBUNEMPEXP","TOT","PC_GDP","A","2009",1.166,
"PRT","PUBUNEMPEXP","TOT","PC_GDP","A","2010",1.237,
"PRT","PUBUNEMPEXP","TOT","PC_GDP","A","2011",1.195,
"PRT","PUBUNEMPEXP","TOT","PC_GDP","A","2012",1.541,
"PRT","PUBUNEMPEXP","TOT","PC_GDP","A","2013",1.606,
"PRT","PUBUNEMPEXP","TOT","PC_GDP","A","2014",1.294,
"PRT","PUBUNEMPEXP","TOT","PC_GDP","A","2015",0.98,
"PRT","PUBUNEMPEXP","TOT","PC_GDP","A","2016",0.81,
"PRT","PUBUNEMPEXP","TOT","PC_GDP","A","2017",0.67,
"SVK","PUBUNEMPEXP","TOT","PC_GDP","A","1999",0.794,
"SVK","PUBUNEMPEXP","TOT","PC_GDP","A","2000",0.635,
"SVK","PUBUNEMPEXP","TOT","PC_GDP","A","2001",0.399,
"SVK","PUBUNEMPEXP","TOT","PC_GDP","A","2002",0.34,
"SVK","PUBUNEMPEXP","TOT","PC_GDP","A","2003",0.301,
"SVK","PUBUNEMPEXP","TOT","PC_GDP","A","2004",0.327,
"SVK","PUBUNEMPEXP","TOT","PC_GDP","A","2005",0.259,
"SVK","PUBUNEMPEXP","TOT","PC_GDP","A","2006",0.326,
"SVK","PUBUNEMPEXP","TOT","PC_GDP","A","2007",0.355,
"SVK","PUBUNEMPEXP","TOT","PC_GDP","A","2008",0.424,
"SVK","PUBUNEMPEXP","TOT","PC_GDP","A","2009",0.66,
"SVK","PUBUNEMPEXP","TOT","PC_GDP","A","2010",0.656,
"SVK","PUBUNEMPEXP","TOT","PC_GDP","A","2011",0.539,
"SVK","PUBUNEMPEXP","TOT","PC_GDP","A","2012",0.461,
"SVK","PUBUNEMPEXP","TOT","PC_GDP","A","2013",0.42,
"SVK","PUBUNEMPEXP","TOT","PC_GDP","A","2014",0.345,
"SVK","PUBUNEMPEXP","TOT","PC_GDP","A","2015",0.347,
"SVK","PUBUNEMPEXP","TOT","PC_GDP","A","2016",0.364,
"SVK","PUBUNEMPEXP","TOT","PC_GDP","A","2017",0.357,
"ESP","PUBUNEMPEXP","TOT","PC_GDP","A","1999",2.014,
"ESP","PUBUNEMPEXP","TOT","PC_GDP","A","2000",1.633,
"ESP","PUBUNEMPEXP","TOT","PC_GDP","A","2001",1.749,
"ESP","PUBUNEMPEXP","TOT","PC_GDP","A","2002",1.843,
"ESP","PUBUNEMPEXP","TOT","PC_GDP","A","2003",1.836,
"ESP","PUBUNEMPEXP","TOT","PC_GDP","A","2004",1.824,
"ESP","PUBUNEMPEXP","TOT","PC_GDP","A","2005",1.813,
"ESP","PUBUNEMPEXP","TOT","PC_GDP","A","2006",1.786,
"ESP","PUBUNEMPEXP","TOT","PC_GDP","A","2007",1.749,
"ESP","PUBUNEMPEXP","TOT","PC_GDP","A","2008",2.197,
"ESP","PUBUNEMPEXP","TOT","PC_GDP","A","2009",3.383,
"ESP","PUBUNEMPEXP","TOT","PC_GDP","A","2010",3.025,
"ESP","PUBUNEMPEXP","TOT","PC_GDP","A","2011",3.361,
"ESP","PUBUNEMPEXP","TOT","PC_GDP","A","2012",3.259,
"ESP","PUBUNEMPEXP","TOT","PC_GDP","A","2013",3.131,
"ESP","PUBUNEMPEXP","TOT","PC_GDP","A","2014",2.548,
"ESP","PUBUNEMPEXP","TOT","PC_GDP","A","2015",2.029,
"ESP","PUBUNEMPEXP","TOT","PC_GDP","A","2016",1.788,
"ESP","PUBUNEMPEXP","TOT","PC_GDP","A","2017",1.607,
"SWE","PUBUNEMPEXP","TOT","PC_GDP","A","1999",1.545,
"SWE","PUBUNEMPEXP","TOT","PC_GDP","A","2000",1.295,
"SWE","PUBUNEMPEXP","TOT","PC_GDP","A","2001",1.009,
"SWE","PUBUNEMPEXP","TOT","PC_GDP","A","2002",0.985,
"SWE","PUBUNEMPEXP","TOT","PC_GDP","A","2003",1.132,
"SWE","PUBUNEMPEXP","TOT","PC_GDP","A","2004",1.225,
"SWE","PUBUNEMPEXP","TOT","PC_GDP","A","2005",1.122,
"SWE","PUBUNEMPEXP","TOT","PC_GDP","A","2006",0.916,
"SWE","PUBUNEMPEXP","TOT","PC_GDP","A","2007",0.627,
"SWE","PUBUNEMPEXP","TOT","PC_GDP","A","2008",0.432,
"SWE","PUBUNEMPEXP","TOT","PC_GDP","A","2009",0.675,
"SWE","PUBUNEMPEXP","TOT","PC_GDP","A","2010",0.558,
"SWE","PUBUNEMPEXP","TOT","PC_GDP","A","2011",0.411,
"SWE","PUBUNEMPEXP","TOT","PC_GDP","A","2012",0.448,
"SWE","PUBUNEMPEXP","TOT","PC_GDP","A","2013",0.457,
"SWE","PUBUNEMPEXP","TOT","PC_GDP","A","2014",0.382,
"SWE","PUBUNEMPEXP","TOT","PC_GDP","A","2015",0.327,
"SWE","PUBUNEMPEXP","TOT","PC_GDP","A","2016",0.323,
"SWE","PUBUNEMPEXP","TOT","PC_GDP","A","2017",0.3,
"CHE","PUBUNEMPEXP","TOT","PC_GDP","A","1999",0.731,
"CHE","PUBUNEMPEXP","TOT","PC_GDP","A","2000",0.506,
"CHE","PUBUNEMPEXP","TOT","PC_GDP","A","2001",0.448,
"CHE","PUBUNEMPEXP","TOT","PC_GDP","A","2002",0.717,
"CHE","PUBUNEMPEXP","TOT","PC_GDP","A","2003",1.034,
"CHE","PUBUNEMPEXP","TOT","PC_GDP","A","2004",1.036,
"CHE","PUBUNEMPEXP","TOT","PC_GDP","A","2005",0.94,
"CHE","PUBUNEMPEXP","TOT","PC_GDP","A","2006",0.812,
"CHE","PUBUNEMPEXP","TOT","PC_GDP","A","2007",0.617,
"CHE","PUBUNEMPEXP","TOT","PC_GDP","A","2008",0.549,
"CHE","PUBUNEMPEXP","TOT","PC_GDP","A","2009",0.958,
"CHE","PUBUNEMPEXP","TOT","PC_GDP","A","2010",0.954,
"CHE","PUBUNEMPEXP","TOT","PC_GDP","A","2011",0.662,
"CHE","PUBUNEMPEXP","TOT","PC_GDP","A","2012",0.694,
"CHE","PUBUNEMPEXP","TOT","PC_GDP","A","2013",0.775,
"CHE","PUBUNEMPEXP","TOT","PC_GDP","A","2014",0.768,
"CHE","PUBUNEMPEXP","TOT","PC_GDP","A","2015",0.806,
"CHE","PUBUNEMPEXP","TOT","PC_GDP","A","2016",0.872,
"CHE","PUBUNEMPEXP","TOT","PC_GDP","A","2017",0.844,
"CHE","PUBUNEMPEXP","TOT","PC_GDP","A","2018",0.735,
"TUR","PUBUNEMPEXP","TOT","PC_GDP","A","1999",0.642,
"TUR","PUBUNEMPEXP","TOT","PC_GDP","A","2000",0.006,
"TUR","PUBUNEMPEXP","TOT","PC_GDP","A","2001",0.005,
"TUR","PUBUNEMPEXP","TOT","PC_GDP","A","2002",0.019,
"TUR","PUBUNEMPEXP","TOT","PC_GDP","A","2003",0.031,
"TUR","PUBUNEMPEXP","TOT","PC_GDP","A","2004",0.048,
"TUR","PUBUNEMPEXP","TOT","PC_GDP","A","2005",0.063,
"TUR","PUBUNEMPEXP","TOT","PC_GDP","A","2006",0.065,
"TUR","PUBUNEMPEXP","TOT","PC_GDP","A","2007",0.063,
"TUR","PUBUNEMPEXP","TOT","PC_GDP","A","2008",0.066,
"TUR","PUBUNEMPEXP","TOT","PC_GDP","A","2009",0.169,
"TUR","PUBUNEMPEXP","TOT","PC_GDP","A","2010",0.115,
"TUR","PUBUNEMPEXP","TOT","PC_GDP","A","2011",0.105,
"TUR","PUBUNEMPEXP","TOT","PC_GDP","A","2012",0.129,
"TUR","PUBUNEMPEXP","TOT","PC_GDP","A","2013",0.119,
"TUR","PUBUNEMPEXP","TOT","PC_GDP","A","2014",0.136,
"TUR","PUBUNEMPEXP","TOT","PC_GDP","A","2015",0.202,
"TUR","PUBUNEMPEXP","TOT","PC_GDP","A","2016",0.295,
"TUR","PUBUNEMPEXP","TOT","PC_GDP","A","2017",0.263,
"GBR","PUBUNEMPEXP","TOT","PC_GDP","A","1999",0.339,
"GBR","PUBUNEMPEXP","TOT","PC_GDP","A","2000",0.288,
"GBR","PUBUNEMPEXP","TOT","PC_GDP","A","2001",0.446,
"GBR","PUBUNEMPEXP","TOT","PC_GDP","A","2002",0.251,
"GBR","PUBUNEMPEXP","TOT","PC_GDP","A","2003",0.231,
"GBR","PUBUNEMPEXP","TOT","PC_GDP","A","2004",0.222,
"GBR","PUBUNEMPEXP","TOT","PC_GDP","A","2005",0.226,
"GBR","PUBUNEMPEXP","TOT","PC_GDP","A","2006",0.217,
"GBR","PUBUNEMPEXP","TOT","PC_GDP","A","2007",0.201,
"GBR","PUBUNEMPEXP","TOT","PC_GDP","A","2008",0.284,
"GBR","PUBUNEMPEXP","TOT","PC_GDP","A","2009",0.44,
"GBR","PUBUNEMPEXP","TOT","PC_GDP","A","2010",0.369,
"GBR","PUBUNEMPEXP","TOT","PC_GDP","A","2011",0.388,
"GBR","PUBUNEMPEXP","TOT","PC_GDP","A","2012",0.384,
"GBR","PUBUNEMPEXP","TOT","PC_GDP","A","2013",0.309,
"GBR","PUBUNEMPEXP","TOT","PC_GDP","A","2014",0.211,
"GBR","PUBUNEMPEXP","TOT","PC_GDP","A","2015",0.171,
"GBR","PUBUNEMPEXP","TOT","PC_GDP","A","2016",0.157,
"GBR","PUBUNEMPEXP","TOT","PC_GDP","A","2017",0.149,
"USA","PUBUNEMPEXP","TOT","PC_GDP","A","1999",0.232,
"USA","PUBUNEMPEXP","TOT","PC_GDP","A","2000",0.212,
"USA","PUBUNEMPEXP","TOT","PC_GDP","A","2001",0.273,
"USA","PUBUNEMPEXP","TOT","PC_GDP","A","2002",0.47,
"USA","PUBUNEMPEXP","TOT","PC_GDP","A","2003",0.486,
"USA","PUBUNEMPEXP","TOT","PC_GDP","A","2004",0.359,
"USA","PUBUNEMPEXP","TOT","PC_GDP","A","2005",0.257,
"USA","PUBUNEMPEXP","TOT","PC_GDP","A","2006",0.233,
"USA","PUBUNEMPEXP","TOT","PC_GDP","A","2007",0.233,
"USA","PUBUNEMPEXP","TOT","PC_GDP","A","2008",0.297,
"USA","PUBUNEMPEXP","TOT","PC_GDP","A","2009",0.838,
"USA","PUBUNEMPEXP","TOT","PC_GDP","A","2010",1.061,
"USA","PUBUNEMPEXP","TOT","PC_GDP","A","2011",0.743,
"USA","PUBUNEMPEXP","TOT","PC_GDP","A","2012",0.554,
"USA","PUBUNEMPEXP","TOT","PC_GDP","A","2013",0.403,
"USA","PUBUNEMPEXP","TOT","PC_GDP","A","2014",0.239,
"USA","PUBUNEMPEXP","TOT","PC_GDP","A","2015",0.178,
"USA","PUBUNEMPEXP","TOT","PC_GDP","A","2016",0.176,
"USA","PUBUNEMPEXP","TOT","PC_GDP","A","2017",0.159,
"USA","PUBUNEMPEXP","TOT","PC_GDP","A","2018",0.138,
"CHL","PUBUNEMPEXP","TOT","PC_GDP","A","1999",0.026,
"CHL","PUBUNEMPEXP","TOT","PC_GDP","A","2000",0.054,
"CHL","PUBUNEMPEXP","TOT","PC_GDP","A","2001",0.041,
"CHL","PUBUNEMPEXP","TOT","PC_GDP","A","2002",0.05,
"CHL","PUBUNEMPEXP","TOT","PC_GDP","A","2003",0.05,
"CHL","PUBUNEMPEXP","TOT","PC_GDP","A","2004",0.049,
"CHL","PUBUNEMPEXP","TOT","PC_GDP","A","2005",0.035,
"CHL","PUBUNEMPEXP","TOT","PC_GDP","A","2006",0.032,
"CHL","PUBUNEMPEXP","TOT","PC_GDP","A","2007",0.03,
"CHL","PUBUNEMPEXP","TOT","PC_GDP","A","2008",0.057,
"CHL","PUBUNEMPEXP","TOT","PC_GDP","A","2009",0.066,
"CHL","PUBUNEMPEXP","TOT","PC_GDP","A","2010",0.104,
"CHL","PUBUNEMPEXP","TOT","PC_GDP","A","2011",0.035,
"CHL","PUBUNEMPEXP","TOT","PC_GDP","A","2012",0.017,
"CHL","PUBUNEMPEXP","TOT","PC_GDP","A","2013",0.052,
"CHL","PUBUNEMPEXP","TOT","PC_GDP","A","2014",0.055,
"CHL","PUBUNEMPEXP","TOT","PC_GDP","A","2015",0.085,
"CHL","PUBUNEMPEXP","TOT","PC_GDP","A","2016",0.02,
"CHL","PUBUNEMPEXP","TOT","PC_GDP","A","2017",0.078,
"CHL","PUBUNEMPEXP","TOT","PC_GDP","A","2018",0.081,
"CHL","PUBUNEMPEXP","TOT","PC_GDP","A","2019",0.07,
"EST","PUBUNEMPEXP","TOT","PC_GDP","A","2000",0.127,
"EST","PUBUNEMPEXP","TOT","PC_GDP","A","2001",0.121,
"EST","PUBUNEMPEXP","TOT","PC_GDP","A","2002",0.085,
"EST","PUBUNEMPEXP","TOT","PC_GDP","A","2003",0.176,
"EST","PUBUNEMPEXP","TOT","PC_GDP","A","2004",0.163,
"EST","PUBUNEMPEXP","TOT","PC_GDP","A","2005",0.107,
"EST","PUBUNEMPEXP","TOT","PC_GDP","A","2006",0.064,
"EST","PUBUNEMPEXP","TOT","PC_GDP","A","2007",0.09,
"EST","PUBUNEMPEXP","TOT","PC_GDP","A","2008",0.248,
"EST","PUBUNEMPEXP","TOT","PC_GDP","A","2009",1.06,
"EST","PUBUNEMPEXP","TOT","PC_GDP","A","2010",0.581,
"EST","PUBUNEMPEXP","TOT","PC_GDP","A","2011",0.304,
"EST","PUBUNEMPEXP","TOT","PC_GDP","A","2012",0.27,
"EST","PUBUNEMPEXP","TOT","PC_GDP","A","2013",0.326,
"EST","PUBUNEMPEXP","TOT","PC_GDP","A","2014",0.291,
"EST","PUBUNEMPEXP","TOT","PC_GDP","A","2015",0.324,
"EST","PUBUNEMPEXP","TOT","PC_GDP","A","2016",0.341,
"EST","PUBUNEMPEXP","TOT","PC_GDP","A","2017",0.286,
"ISR","PUBUNEMPEXP","TOT","PC_GDP","A","1999",0.618,
"ISR","PUBUNEMPEXP","TOT","PC_GDP","A","2000",0.559,
"ISR","PUBUNEMPEXP","TOT","PC_GDP","A","2001",0.649,
"ISR","PUBUNEMPEXP","TOT","PC_GDP","A","2002",0.632,
"ISR","PUBUNEMPEXP","TOT","PC_GDP","A","2003",0.451,
"ISR","PUBUNEMPEXP","TOT","PC_GDP","A","2004",0.38,
"ISR","PUBUNEMPEXP","TOT","PC_GDP","A","2005",0.346,
"ISR","PUBUNEMPEXP","TOT","PC_GDP","A","2006",0.306,
"ISR","PUBUNEMPEXP","TOT","PC_GDP","A","2007",0.267,
"ISR","PUBUNEMPEXP","TOT","PC_GDP","A","2008",0.261,
"ISR","PUBUNEMPEXP","TOT","PC_GDP","A","2009",0.397,
"ISR","PUBUNEMPEXP","TOT","PC_GDP","A","2010",0.321,
"ISR","PUBUNEMPEXP","TOT","PC_GDP","A","2011",0.293,
"ISR","PUBUNEMPEXP","TOT","PC_GDP","A","2012",0.315,
"ISR","PUBUNEMPEXP","TOT","PC_GDP","A","2013",0.33,
"ISR","PUBUNEMPEXP","TOT","PC_GDP","A","2014",0.326,
"ISR","PUBUNEMPEXP","TOT","PC_GDP","A","2015",0.307,
"ISR","PUBUNEMPEXP","TOT","PC_GDP","A","2016",0.282,
"ISR","PUBUNEMPEXP","TOT","PC_GDP","A","2017",0.273,
"ISR","PUBUNEMPEXP","TOT","PC_GDP","A","2018",0.282,
"ISR","PUBUNEMPEXP","TOT","PC_GDP","A","2019",0.302,
"SVN","PUBUNEMPEXP","TOT","PC_GDP","A","1999",1.005,
"SVN","PUBUNEMPEXP","TOT","PC_GDP","A","2000",0.857,
"SVN","PUBUNEMPEXP","TOT","PC_GDP","A","2001",0.712,
"SVN","PUBUNEMPEXP","TOT","PC_GDP","A","2002",0.622,
"SVN","PUBUNEMPEXP","TOT","PC_GDP","A","2003",0.595,
"SVN","PUBUNEMPEXP","TOT","PC_GDP","A","2004",0.583,
"SVN","PUBUNEMPEXP","TOT","PC_GDP","A","2005",0.594,
"SVN","PUBUNEMPEXP","TOT","PC_GDP","A","2006",0.516,
"SVN","PUBUNEMPEXP","TOT","PC_GDP","A","2007",0.332,
"SVN","PUBUNEMPEXP","TOT","PC_GDP","A","2008",0.284,
"SVN","PUBUNEMPEXP","TOT","PC_GDP","A","2009",0.467,
"SVN","PUBUNEMPEXP","TOT","PC_GDP","A","2010",0.539,
"SVN","PUBUNEMPEXP","TOT","PC_GDP","A","2011",0.674,
"SVN","PUBUNEMPEXP","TOT","PC_GDP","A","2012",0.662,
"SVN","PUBUNEMPEXP","TOT","PC_GDP","A","2013",0.736,
"SVN","PUBUNEMPEXP","TOT","PC_GDP","A","2014",0.608,
"SVN","PUBUNEMPEXP","TOT","PC_GDP","A","2015",0.545,
"SVN","PUBUNEMPEXP","TOT","PC_GDP","A","2016",0.529,
"SVN","PUBUNEMPEXP","TOT","PC_GDP","A","2017",0.472,
"OECD","PUBUNEMPEXP","TOT","PC_GDP","A","1999",0.822,
"OECD","PUBUNEMPEXP","TOT","PC_GDP","A","2000",0.719,
"OECD","PUBUNEMPEXP","TOT","PC_GDP","A","2001",0.7,
"OECD","PUBUNEMPEXP","TOT","PC_GDP","A","2002",0.731,
"OECD","PUBUNEMPEXP","TOT","PC_GDP","A","2003",0.778,
"OECD","PUBUNEMPEXP","TOT","PC_GDP","A","2004",0.764,
"OECD","PUBUNEMPEXP","TOT","PC_GDP","A","2005",0.732,
"OECD","PUBUNEMPEXP","TOT","PC_GDP","A","2006",0.67,
"OECD","PUBUNEMPEXP","TOT","PC_GDP","A","2007",0.599,
"OECD","PUBUNEMPEXP","TOT","PC_GDP","A","2008",0.624,
"OECD","PUBUNEMPEXP","TOT","PC_GDP","A","2009",0.979,
"OECD","PUBUNEMPEXP","TOT","PC_GDP","A","2010",0.948,
"OECD","PUBUNEMPEXP","TOT","PC_GDP","A","2011",0.878,
"OECD","PUBUNEMPEXP","TOT","PC_GDP","A","2012",0.85,
"OECD","PUBUNEMPEXP","TOT","PC_GDP","A","2013",0.856,
"OECD","PUBUNEMPEXP","TOT","PC_GDP","A","2014",0.788,
"OECD","PUBUNEMPEXP","TOT","PC_GDP","A","2015",0.732,
"OECD","PUBUNEMPEXP","TOT","PC_GDP","A","2016",0.648,
"OECD","PUBUNEMPEXP","TOT","PC_GDP","A","2017",0.587,
"LVA","PUBUNEMPEXP","TOT","PC_GDP","A","1999",0.625,
"LVA","PUBUNEMPEXP","TOT","PC_GDP","A","2000",0.549,
"LVA","PUBUNEMPEXP","TOT","PC_GDP","A","2001",0.425,
"LVA","PUBUNEMPEXP","TOT","PC_GDP","A","2002",0.439,
"LVA","PUBUNEMPEXP","TOT","PC_GDP","A","2003",0.445,
"LVA","PUBUNEMPEXP","TOT","PC_GDP","A","2004",0.421,
"LVA","PUBUNEMPEXP","TOT","PC_GDP","A","2005",0.369,
"LVA","PUBUNEMPEXP","TOT","PC_GDP","A","2006",0.352,
"LVA","PUBUNEMPEXP","TOT","PC_GDP","A","2007",0.335,
"LVA","PUBUNEMPEXP","TOT","PC_GDP","A","2008",0.448,
"LVA","PUBUNEMPEXP","TOT","PC_GDP","A","2009",1.435,
"LVA","PUBUNEMPEXP","TOT","PC_GDP","A","2010",1.068,
"LVA","PUBUNEMPEXP","TOT","PC_GDP","A","2011",0.544,
"LVA","PUBUNEMPEXP","TOT","PC_GDP","A","2012",0.423,
"LVA","PUBUNEMPEXP","TOT","PC_GDP","A","2013",0.485,
"LVA","PUBUNEMPEXP","TOT","PC_GDP","A","2014",0.486,
"LVA","PUBUNEMPEXP","TOT","PC_GDP","A","2015",0.525,
"LVA","PUBUNEMPEXP","TOT","PC_GDP","A","2016",0.599,
"LVA","PUBUNEMPEXP","TOT","PC_GDP","A","2017",0.57,
"LTU","PUBUNEMPEXP","TOT","PC_GDP","A","1999",0.138,
"LTU","PUBUNEMPEXP","TOT","PC_GDP","A","2000",0.174,
"LTU","PUBUNEMPEXP","TOT","PC_GDP","A","2001",0.146,
"LTU","PUBUNEMPEXP","TOT","PC_GDP","A","2002",0.16,
"LTU","PUBUNEMPEXP","TOT","PC_GDP","A","2003",0.155,
"LTU","PUBUNEMPEXP","TOT","PC_GDP","A","2004",0.116,
"LTU","PUBUNEMPEXP","TOT","PC_GDP","A","2005",0.153,
"LTU","PUBUNEMPEXP","TOT","PC_GDP","A","2006",0.171,
"LTU","PUBUNEMPEXP","TOT","PC_GDP","A","2007",0.16,
"LTU","PUBUNEMPEXP","TOT","PC_GDP","A","2008",0.199,
"LTU","PUBUNEMPEXP","TOT","PC_GDP","A","2009",0.667,
"LTU","PUBUNEMPEXP","TOT","PC_GDP","A","2010",0.559,
"LTU","PUBUNEMPEXP","TOT","PC_GDP","A","2011",0.374,
"LTU","PUBUNEMPEXP","TOT","PC_GDP","A","2012",0.237,
"LTU","PUBUNEMPEXP","TOT","PC_GDP","A","2013",0.221,
"LTU","PUBUNEMPEXP","TOT","PC_GDP","A","2014",0.192,
"LTU","PUBUNEMPEXP","TOT","PC_GDP","A","2015",0.227,
"LTU","PUBUNEMPEXP","TOT","PC_GDP","A","2016",0.221,
"LTU","PUBUNEMPEXP","TOT","PC_GDP","A","2017",0.232,
"COL","PUBUNEMPEXP","TOT","PC_GDP","A","2010",0.004,
"CRI","PUBUNEMPEXP","TOT","PC_GDP","A","2011",0,
"CRI","PUBUNEMPEXP","TOT","PC_GDP","A","2012",0,
"CRI","PUBUNEMPEXP","TOT","PC_GDP","A","2013",0,
"CRI","PUBUNEMPEXP","TOT","PC_GDP","A","2014",0,
"CRI","PUBUNEMPEXP","TOT","PC_GDP","A","2015",0,
"CRI","PUBUNEMPEXP","TOT","PC_GDP","A","2016",0,
"CRI","PUBUNEMPEXP","TOT","PC_GDP","A","2017",0,
"CRI","PUBUNEMPEXP","TOT","PC_GDP","A","2018",0,
