Name,Party,Election,Politician ID,Riding ID,Province,Gender,ranfor44,reelected44,QuestionPeriod,PvtMemBills,StatementsByMembers,Backbencher,DOB,AgeOnElectionDay,YearsServedAtElection
Dean Allison,Conservative Party of Canada,43,5,35068,ON,M,Yes,Yes,1,0,2,1,1965-02-18,56,17.24109589
Charlie Angus,New Democratic Party,43,11,35107,ON,M,Yes,Yes,41,0,3,1,1962-11-14,58,17.24109589
Larry Bagnell,Liberal Party of Canada,43,15,60001,YT,M,No,.,0,0,0,1,1949-12-19,71,16.35616438
Navdeep Bains,Liberal Party of Canada,43,16,35062,ON,M,No,.,32,0,0,0,1977-06-16,44,12.76986301
Carolyn Bennett,Liberal Party of Canada,43,24,35090,ON,F,Yes,Yes,38,0,0,0,1950-12-20,70,24.31780822
James Bezan,Conservative Party of Canada,43,28,46010,MB,M,Yes,Yes,82,0,9,0,1965-05-19,56,17.24109589
Colin Carrie,Conservative Party of Canada,43,55,35074,ON,M,Yes,Yes,14,0,5,0,1962-04-11,59,17.24109589
Michael Chong,Conservative Party of Canada,43,64,35113,ON,M,Yes,Yes,101,0,7,0,1971-11-22,49,17.24109589
Wayne Easter,Liberal Party of Canada,43,96,11004,PE,M,No,.,4,0,3,1,1949-06-22,72,27.92328767
Diane Finley,Conservative Party of Canada,43,102,35033,ON,F,No,.,3,0,2,1,1957-10-03,63,17.24109589
Hedy Fry,Liberal Party of Canada,43,109,59034,BC,F,Yes,Yes,5,0,4,1,1941-08-06,80,27.92328767
Cheryl Gallant,Conservative Party of Canada,43,113,35086,ON,F,Yes,Yes,17,1,6,0,1960-05-23,61,3.969863014
Mark Holland,Liberal Party of Canada,43,139,35001,ON,M,Yes,Yes,1,0,0,1,1974-10-16,46,12.76986301
Peter Julian,New Democratic Party,43,146,59019,BC,M,Yes,Yes,31,4,2,1,1962-04-16,59,17.24109589
Dominic LeBlanc,Liberal Party of Canada,43,166,13002,NB,M,Yes,Yes,14,0,0,0,1967-12-14,53,20.82739726
Tom Lukiwski,Conservative Party of Canada,43,173,47005,SK,M,No,.,0,0,0,1,1951-10-05,69,17.24109589
Lawrence MacAulay,Liberal Party of Canada,43,176,11001,PE,M,Yes,Yes,36,0,0,0,1946-09-09,75,32.85205479
Dave MacKenzie,Conservative Party of Canada,43,178,35080,ON,M,Yes,Yes,0,0,1,1,1946-06-12,75,17.24109589
Brian Masse,New Democratic Party,43,189,35117,ON,M,Yes,Yes,21,5,2,1,1968-07-09,53,19.36986301
David McGuinty,Liberal Party of Canada,43,193,35077,ON,M,Yes,Yes,5,0,1,1,1960-02-25,61,17.24109589
John McKay,Liberal Party of Canada,43,195,35095,ON,M,Yes,Yes,1,0,2,1,1948-03-21,73,24.31780822
Rob Moore,Conservative Party of Canada,43,207,13004,NB,M,Yes,Yes,16,0,0,0,1974-05-14,47,13.23013699
Louis Plamondon,Bloc Québécois,43,232,24009,QC,M,Yes,Yes,1,1,1,1,1943-07-31,78,37.06849315
Pierre Poilievre,Conservative Party of Canada,43,233,35088,ON,M,Yes,Yes,177,0,2,0,1979-06-03,42,17.24109589
Yasmin Ratansi,Liberal Party of Canada,43,240,35019,ON,F,No,.,10,0,4,1,1951-01-04,70,12.76986301
Geoff Regan,Liberal Party of Canada,43,242,12006,NS,M,No,.,6,0,4,1,1959-11-22,61,24.43013699
Scott Reid,Conservative Party of Canada,43,243,35049,ON,M,Yes,Yes,3,0,3,1,1964-01-25,57,20.82739726
Pablo Rodriguez,Liberal Party of Canada,43,248,24029,QC,M,Yes,Yes,263,0,0,0,1967-06-21,54,12.76986301
Anthony Rota,Liberal Party of Canada,43,249,35070,ON,M,Yes,Yes,11,0,29,1,1961-05-15,60,17.24109589
Francis Scarpaleggia,Liberal Party of Canada,43,255,24036,QC,M,Yes,Yes,10,0,6,1,1957-06-06,64,17.24109589
Andrew Scheer,Conservative Party of Canada,43,256,47008,SK,M,Yes,Yes,119,1,0,0,1979-05-20,42,17.24109589
Judy Sgro,Liberal Party of Canada,43,260,35121,ON,F,Yes,Yes,4,0,6,1,1944-12-16,76,21.8630137
Scott Simms,Liberal Party of Canada,43,265,10003,NL,M,Yes,No,4,0,2,1,1969-08-12,52,17.24109589
Omar Alghabra,Liberal Party of Canada,43,397,35058,ON,M,Yes,Yes,62,0,1,0,1969-10-24,51,8.649315068
Steven Blaney,Conservative Party of Canada,43,408,24010,QC,M,No,.,27,0,4,0,1965-04-08,56,15.66849315
Blaine Calkins,Conservative Party of Canada,43,412,48030,AB,M,Yes,Yes,19,1,6,1,1968-12-25,52,15.66849315
Claude Debellefeuille,Bloc Québécois,43,419,24071,QC,F,Yes,Yes,34,3,10,1,Dec-63,57,7.189041096
Sukh Dhaliwal,Liberal Party of Canada,43,422,59033,BC,M,Yes,Yes,5,0,4,1,1960-10-01,60,11.19726027
Ed Fast,Conservative Party of Canada,43,424,59001,BC,M,Yes,Yes,55,0,3,0,1955-06-18,66,15.66849315
Jacques Gourde,Conservative Party of Canada,43,428,24042,QC,M,Yes,Yes,35,1,6,1,1964-01-13,57,15.66849315
Mike Lake,Conservative Party of Canada,43,434,48021,AB,M,Yes,Yes,7,0,3,0,1969-06-04,52,15.66849315
Bruce Stanton,Conservative Party of Canada,43,453,35100,ON,M,No,.,0,0,6,1,1957-12-20,63,15.66849315
David Sweet,Conservative Party of Canada,43,456,35030,ON,M,No,.,6,0,5,0,1957-06-24,64,15.66849315
Chris Warkentin,Conservative Party of Canada,43,461,48024,AB,M,Yes,Yes,2,0,2,1,1978-11-20,42,15.66849315
Joyce Murray,Liberal Party of Canada,43,550,59039,BC,F,Yes,Yes,5,0,0,0,1954-07-11,67,13.52054795
Jack Harris,New Democratic Party,43,554,10006,NL,M,No,.,16,0,5,1,1948-10-27,72,16.2
Alexandra Mendès,Liberal Party of Canada,43,562,24017,QC,F,Yes,Yes,2,0,18,1,1963-11-03,57,8.471232877
Justin Trudeau,Liberal Party of Canada,43,567,24055,QC,M,Yes,Yes,1523,0,0,0,1971-12-25,49,12.94246575
Marc Garneau,Liberal Party of Canada,43,572,24053,QC,M,Yes,Yes,136,0,0,0,1949-02-23,72,12.94246575
Carol Hughes,New Democratic Party,43,573,35002,ON,F,Yes,Yes,0,1,6,1,1958-11-26,62,12.94246575
Phil McColeman,Conservative Party of Canada,43,575,35013,ON,M,No,.,5,0,1,0,1954-03-15,67,12.94246575
Rob Oliphant,Liberal Party of Canada,43,576,35021,ON,M,Yes,Yes,45,0,3,1,1956-01-07,65,8.471232877
Kirsty Duncan,Liberal Party of Canada,43,577,35029,ON,F,Yes,Yes,2,0,8,1,1966-10-31,54,12.94246575
Ben Lobb,Conservative Party of Canada,43,580,35040,ON,M,Yes,Yes,1,0,0,1,1976-09-10,45,12.94246575
Peter Kent,Conservative Party of Canada,43,594,35104,ON,M,No,.,25,0,2,0,1943-07-27,78,12.94246575
Niki Ashton,New Democratic Party,43,598,46003,MB,F,Yes,Yes,32,0,1,1,1982-09-09,39,12.94246575
Candice Bergen,Conservative Party of Canada,43,600,46007,MB,F,Yes,Yes,157,0,1,0,1964-09-28,56,12.94246575
Randy Hoback,Conservative Party of Canada,43,603,47006,SK,M,Yes,Yes,12,1,1,0,1967-12-19,53,12.94246575
Kelly Block,Conservative Party of Canada,43,604,47004,SK,F,Yes,Yes,12,1,5,0,1961-11-30,59,12.94246575
Tim Uppal,Conservative Party of Canada,43,606,48017,AB,M,Yes,Yes,11,0,2,0,1974-11-17,46,8.931506849
Earl Dreeshen,Conservative Party of Canada,43,610,48029,AB,M,Yes,Yes,9,0,2,0,1953-07-09,68,12.94246575
Blake Richards,Conservative Party of Canada,43,611,48001,AB,M,Yes,Yes,14,0,1,0,1974-11-08,46,12.94246575
Cathy McLeod,Conservative Party of Canada,43,612,59013,BC,F,No,.,27,1,6,0,1957-06-12,64,12.94246575
Alice Wong,Conservative Party of Canada,43,614,59025,BC,F,Yes,No,6,0,3,0,1948-06-30,73,12.94246575
Don Davies,New Democratic Party,43,616,59038,BC,M,Yes,Yes,37,10,4,1,1963-01-16,58,12.94246575
Kyle Seeback,Conservative Party of Canada,43,784,35022,ON,M,Yes,Yes,13,0,1,0,1970-08-19,51,6.383561644
Bob Saroya,Conservative Party of Canada,43,869,35056,ON,M,Yes,No,8,1,8,0,1952-02-03,69,5.926027397
Alexandre Boulerice,New Democratic Party,43,939,24064,QC,M,Yes,Yes,66,0,3,1,1973-06-18,48,10.39452055
Elizabeth May,Green Party of Canada,43,1121,59027,BC,F,Yes,Yes,0,2,0,1,1954-06-09,67,10.39452055
Ron McKinnon,Liberal Party of Canada,43,1515,59008,BC,M,Yes,Yes,3,0,2,1,1951-08-08,70,5.926027397
Marc Dalton,Conservative Party of Canada,43,2024,59022,BC,M,Yes,Yes,12,0,3,0,1960-06-03,61,1.917808219
Randall Garrison,New Democratic Party,43,2038,59026,BC,M,Yes,Yes,9,3,3,1,1950-08-27,71,10.39452055
Terry Duguid,Liberal Party of Canada,43,2161,46013,MB,M,Yes,Yes,15,0,2,1,1954-01-01,67,5.926027397
Sean Casey,Liberal Party of Canada,43,3466,11002,PE,M,Yes,Yes,0,0,0,1,1963-05-16,58,10.39452055
Stéphane Bergeron,Bloc Québécois,43,3849,24049,QC,M,Yes,Yes,39,0,7,1,1965-01-28,56,13.96712329
Kerry-Lynne Findlay,Conservative Party of Canada,43,4201,59030,BC,F,Yes,Yes,0,0,0,0,1955-01-12,66,6.383561644
Kevin Lamoureux,Liberal Party of Canada,43,4264,46012,MB,M,Yes,Yes,33,0,11,1,1962-01-22,59,10.81643836
Tony Baldinelli,Conservative Party of Canada,43,4648,35067,ON,M,Yes,Yes,0,0,0,0,1964-11-24,56,1.917808219
Mario Beaulieu,Bloc Québécois,43,6424,24033,QC,M,Yes,Yes,40,0,3,1,1959-02-01,62,5.926027397
Larry Maguire,Conservative Party of Canada,43,6961,46001,MB,M,Yes,Yes,0,1,0,1,1949-06-01,72,7.824657534
Bernard Généreux,Conservative Party of Canada,43,8347,24051,QC,M,Yes,Yes,29,0,3,0,1962-04-23,59,7.4
John Williamson,Conservative Party of Canada,43,8446,13008,NB,M,Yes,Yes,23,0,2,0,1970-01-30,51,6.383561644
Pierre Paul-Hus,Conservative Party of Canada,43,8577,24019,QC,M,Yes,Yes,180,1,6,0,1969-11-05,51,5.926027397
Jagmeet Singh,New Democratic Party,43,8714,59003,BC,M,Yes,Yes,0,0,0,1,1979-01-02,42,2.569863014
Bryan May,Liberal Party of Canada,43,8726,35016,ON,M,Yes,Yes,4,1,1,1,1974-09-19,47,5.926027397
Karen McCrimmon,Liberal Party of Canada,43,8728,35041,ON,F,No,.,7,0,3,1,1959-01-01,62,5.926027397
Peter Fonseca,Liberal Party of Canada,43,8822,35059,ON,M,Yes,Yes,5,0,11,1,1966-10-05,54,5.926027397
Anita Vandenbeld,Liberal Party of Canada,43,8871,35079,ON,F,Yes,Yes,28,0,10,1,1971-12-03,49,5.926027397
Irek Kusmierczyk,Liberal Party of Canada,43,8956,35116,ON,M,Yes,Yes,32,0,4,1,1978-01-16,43,1.917808219
Michelle Rempel,Conservative Party of Canada,43,9042,48009,AB,F,Yes,Yes,208,0,2,0,1980-02-14,41,10.39726027
Mark Strahl,Conservative Party of Canada,43,9130,59006,BC,M,Yes,Yes,13,1,2,0,1978-03-26,43,10.39452055
Dan Albas,Conservative Party of Canada,43,9172,59005,BC,M,Yes,Yes,21,1,5,0,1976-12-02,44,10.39452055
Bob Zimmer,Conservative Party of Canada,43,9183,59024,BC,M,Yes,Yes,13,0,2,0,1968-10-20,52,10.39452055
Erin O'Toole,Conservative Party of Canada,43,9243,35023,ON,M,Yes,Yes,426,0,1,0,1973-01-22,48,8.821917808
Yvonne Jones,Liberal Party of Canada,43,9255,10004,NL,F,Yes,Yes,4,0,5,1,1968-03-15,53,8.361643836
Ted Falk,Conservative Party of Canada,43,9263,46008,MB,M,Yes,Yes,10,0,2,1,1960-05-23,61,7.824657534
Chrystia Freeland,Liberal Party of Canada,43,9265,35110,ON,F,Yes,Yes,405,0,0,0,1968-08-02,53,7.824657534
Emmanuel Dubourg,Liberal Party of Canada,43,9271,24015,QC,M,Yes,Yes,9,1,5,1,1958-12-26,62,7.824657534
David Yurdiga,Conservative Party of Canada,43,9276,48023,AB,M,No,.,7,0,1,0,1964-03-26,57,7.230136986
John Barlow,Conservative Party of Canada,43,9281,48022,AB,M,Yes,Yes,28,1,9,0,1971-10-13,49,7.230136986
Adam Vaughan,Liberal Party of Canada,43,9289,35101,ON,M,No,.,31,0,7,1,1961-07-03,60,7.230136986
Gord Johns,New Democratic Party,43,9318,59009,BC,M,Yes,Yes,33,3,4,1,1969-11-29,51,5.926027397
Brad Vis,Conservative Party of Canada,43,9325,59017,BC,M,Yes,Yes,31,0,5,0,1984-01-01,37,1.917808219
Luc Berthold,Conservative Party of Canada,43,9332,24047,QC,M,Yes,Yes,113,0,4,0,1965-01-01,56,5.926027397
Marilène Gill,Bloc Québécois,43,9337,24046,QC,F,Yes,Yes,58,1,12,1,1977-03-09,44,5.926027397
Gérard Deltell,Conservative Party of Canada,43,9341,24045,QC,F,Yes,Yes,242,0,2,0,1964-08-08,57,5.926027397
Joël Lightbound,Liberal Party of Canada,43,9347,24044,QC,M,Yes,Yes,48,0,4,1,1988-02-08,33,5.926027397
Denis Trudel,Bloc Québécois,43,9353,24043,QC,M,Yes,Yes,7,0,3,1,1963-07-18,58,1.917808219
Sherry Romanado,Liberal Party of Canada,43,9364,24041,QC,F,Yes,Yes,13,0,1,1,1974-04-12,47,5.926027397
Fayçal EL-Khoury,Liberal Party of Canada,43,9366,24040,QC,M,Yes,Yes,3,0,5,1,1955-05-15,66,5.926027397
Simon Marcil,Bloc Québécois,43,9380,24048,QC,M,No,.,2,1,0,1,,,5.926027397
Kerry Diotte,Conservative Party of Canada,43,9382,48015,AB,M,Yes,No,3,0,2,0,1956-02-26,65,5.926027397
Rachael Thomas,Conservative Party of Canada,43,9400,48026,AB,F,Yes,Yes,55,0,7,0,01-Jan-85,36,5.926027397
René Arseneault,Liberal Party of Canada,43,9408,13005,NB,M,Yes,Yes,7,0,8,1,1966-07-01,55,5.926027397
Ginette Petitpas Taylor,Liberal Party of Canada,43,9415,13007,NB,F,Yes,Yes,7,0,2,1,1968-01-01,53,5.926027397
Pat Finnigan,Liberal Party of Canada,43,9417,13006,NB,M,No,.,7,0,4,1,01-Jan-55,66,5.926027397
Serge Cormier,Liberal Party of Canada,43,9419,13001,NB,M,Yes,Yes,2,0,3,1,01-Jan-76,45,5.926027397
Joël Godin,Conservative Party of Canada,43,9421,24058,QC,M,Yes,Yes,0,0,0,0,1965-03-14,56,5.926027397
Julie Dzerowicz,Liberal Party of Canada,43,9430,35018,ON,F,Yes,Yes,7,1,5,1,1979-12-29,41,5.926027397
Wayne Long,Liberal Party of Canada,43,9437,13009,NB,M,Yes,Yes,2,0,6,1,13-Apr-63,58,5.926027397
Kelly McCauley,Conservative Party of Canada,43,9445,48020,AB,M,Yes,Yes,16,0,2,0,1964-06-23,57,5.926027397
Tom Kmiec,Conservative Party of Canada,43,9453,48011,AB,M,Yes,Yes,13,2,3,1,1981-07-31,40,5.926027397
Luc Thériault,Bloc Québécois,43,9460,24050,QC,M,Yes,Yes,27,1,5,1,1960-01-31,61,5.926027397
Anthony Housefather,Liberal Party of Canada,43,9466,24052,QC,M,Yes,Yes,5,0,6,1,1973-01-25,48,5.926027397
Rachel Bendayan,Liberal Party of Canada,43,9475,24054,QC,F,Yes,Yes,50,0,11,1,1980-05-10,41,2.569863014
William Amos,Liberal Party of Canada,43,9490,24057,QC,M,No,.,30,0,5,1,1974-12-04,46,5.926027397
Jean-Yves Duclos,Liberal Party of Canada,43,9501,24059,QC,M,Yes,Yes,38,0,0,0,1965-01-01,56,5.926027397
Todd Doherty,Conservative Party of Canada,43,9547,59004,BC,M,Yes,Yes,24,2,9,0,01-Jan-68,53,5.926027397
Daniel Blaikie,New Democratic Party,43,9549,46005,MB,M,Yes,Yes,15,2,5,1,1984-01-01,37,5.926027397
Richard Bragdon,Conservative Party of Canada,43,9552,13010,NB,M,Yes,Yes,10,1,4,0,1975-01-01,46,1.917808219
Robert Kitchen,Conservative Party of Canada,43,9554,47013,SK,M,Yes,Yes,0,0,0,0,01-Jan-57,64,5.926027397
James Maloney,Liberal Party of Canada,43,9556,35028,ON,M,Yes,Yes,4,0,3,1,1964-07-16,57,5.926027397
Karen Vecchio,Conservative Party of Canada,43,9568,35025,ON,F,Yes,Yes,24,0,8,0,1971-03-06,50,5.926027397
Marco Mendicino,Liberal Party of Canada,43,9572,35024,ON,M,Yes,Yes,75,0,0,0,1973-07-28,48,5.926027397
Gabriel Ste-Marie,Bloc Québécois,43,9589,24031,QC,M,Yes,Yes,35,1,0,1,,,5.926027397
Raj Saini,Liberal Party of Canada,43,9600,35045,ON,M,Yes,No,3,0,3,1,21-Aug-67,54,5.926027397
Mark Gerretsen,Liberal Party of Canada,43,9603,35044,ON,M,Yes,Yes,46,0,4,1,1975-06-05,46,5.926027397
Marwan Tabbara,Liberal Party of Canada,43,9608,35047,ON,M,No,.,13,0,3,1,1984-08-23,37,5.926027397
Tim Louis,Liberal Party of Canada,43,9612,35046,ON,M,Yes,Yes,5,0,5,1,1968-01-01,53,1.917808219
Deb Schulte,Liberal Party of Canada,43,9622,35043,ON,F,Yes,No,38,0,0,0,01-Jan-60,61,5.926027397
Ron Liepert,Conservative Party of Canada,43,9630,48012,AB,M,Yes,Yes,3,0,3,1,1949-10-08,71,5.926027397
Terry Beech,Liberal Party of Canada,43,9643,59002,BC,M,Yes,Yes,19,0,1,1,1981-04-02,40,5.926027397
Pat Kelly,Conservative Party of Canada,43,9649,48010,AB,M,Yes,Yes,26,0,5,0,01-Jan-71,50,5.926027397
Anju Dhillon,Liberal Party of Canada,43,9656,24024,QC,F,Yes,Yes,8,0,7,1,1979-01-01,42,5.926027397
Steven MacKinnon,Liberal Party of Canada,43,9664,24027,QC,M,Yes,Yes,95,0,7,1,1966-09-28,54,5.926027397
Diane Lebouthillier,Liberal Party of Canada,43,9666,24026,QC,F,Yes,Yes,52,0,0,0,1959-02-05,62,5.926027397
Brenda Shanahan,Liberal Party of Canada,43,9671,24021,QC,F,Yes,Yes,16,0,7,1,1958-01-01,63,5.926027397
Marie-Claude Bibeau,Liberal Party of Canada,43,9678,24023,QC,F,Yes,Yes,88,0,0,0,1970-04-04,51,5.926027397
Filomena Tassi,Liberal Party of Canada,43,9707,35038,ON,F,Yes,Yes,15,0,0,0,1962-01-01,59,5.926027397
Dan Vandal,Liberal Party of Canada,43,9713,46009,MB,M,Yes,Yes,5,0,0,0,1960-04-18,61,5.926027397
James Cumming,Conservative Party of Canada,43,9718,48014,AB,M,Yes,No,47,1,6,0,1961-03-07,60,1.917808219
Francis Drouin,Liberal Party of Canada,43,9726,35031,ON,M,Yes,Yes,11,0,12,1,1983-10-07,37,5.926027397
Lloyd Longfield,Liberal Party of Canada,43,9731,35032,ON,M,Yes,Yes,8,0,5,1,Oct-56,64,5.926027397
Jamie Schmale,Conservative Party of Canada,43,9741,35034,ON,M,Yes,Yes,24,0,5,0,1976-08-10,45,5.926027397
Bob Bratina,Liberal Party of Canada,43,9747,35036,ON,M,No,.,4,0,1,1,1944-01-01,77,5.926027397
Scott Duvall,New Democratic Party,43,9753,35037,ON,M,No,.,7,3,3,1,1956-07-01,65,5.926027397
Peter Fragiskatos,Liberal Party of Canada,43,9775,35052,ON,M,Yes,Yes,3,0,2,1,1981-04-30,40,5.926027397
Kate Young,Liberal Party of Canada,43,9781,35053,ON,F,No,.,3,0,3,1,1954-01-01,67,5.926027397
Kevin Waugh,Conservative Party of Canada,43,9802,47010,SK,M,Yes,Yes,13,1,4,1,1956-06-09,65,5.926027397
Cathay Wagantall,Conservative Party of Canada,43,9804,47014,SK,F,Yes,Yes,14,1,5,0,1956-03-07,65,5.926027397
Martin Shields,Conservative Party of Canada,43,9812,48003,AB,M,Yes,Yes,18,0,0,0,1948-04-28,73,5.926027397
Len Webber,Conservative Party of Canada,43,9818,48005,AB,M,Yes,Yes,2,1,2,1,1960-11-10,60,5.926027397
Bobby Morrissey,Liberal Party of Canada,43,9834,11003,PE,M,Yes,Yes,0,0,2,1,1954-11-18,66,5.926027397
David Lametti,Liberal Party of Canada,43,9835,24037,QC,M,Yes,Yes,104,0,0,0,1962-08-10,59,5.926027397
Greg Fergus,Liberal Party of Canada,43,9855,24030,QC,M,Yes,Yes,12,0,7,1,1969-05-31,52,5.926027397
Darren Fisher,Liberal Party of Canada,43,9869,12004,NS,M,Yes,Yes,82,0,4,1,1965-09-10,56,5.926027397
Andy Fillmore,Liberal Party of Canada,43,9873,12005,NS,M,Yes,Yes,12,0,1,1,1966-04-25,55,5.926027397
Sean Fraser,Liberal Party of Canada,43,9875,12002,NS,M,Yes,Yes,175,0,2,1,1984-06-01,37,5.926027397
Ahmed Hussen,Liberal Party of Canada,43,9892,35120,ON,M,Yes,Yes,82,0,0,0,1976-01-01,45,5.926027397
Jenny Kwan,New Democratic Party,43,9899,59035,BC,F,Yes,Yes,31,1,6,1,1967-01-01,54,5.926027397
Marc G Serré,Liberal Party of Canada,43,9918,35069,ON,M,Yes,Yes,15,0,3,1,1967-01-28,54,5.926027397
Michael Cooper,Conservative Party of Canada,43,9922,48031,AB,M,Yes,Yes,17,1,6,0,08-Mar-84,37,5.926027397
Gagan Sikand,Liberal Party of Canada,43,9927,35063,ON,M,No,.,0,0,1,1,1984-11-21,36,5.926027397
Sven Spengemann,Liberal Party of Canada,43,9935,35061,ON,M,Yes,Yes,5,0,2,1,1966-10-03,54,5.926027397
Iqra Khalid,Liberal Party of Canada,43,9937,35060,ON,F,Yes,Yes,9,0,5,1,1986-11-20,34,5.926027397
Vance Badawey,Liberal Party of Canada,43,9942,35066,ON,M,Yes,Yes,6,0,4,1,1964-10-05,56,5.926027397
Chandra Arya,Liberal Party of Canada,43,9946,35064,ON,M,Yes,Yes,0,0,9,1,1963-07-28,58,5.926027397
Darrell Samson,Liberal Party of Canada,43,9954,12008,NS,M,Yes,Yes,11,0,7,1,1958-10-13,62,5.926027397
Matt Jeneroux,Conservative Party of Canada,43,9958,48018,AB,M,Yes,Yes,19,1,3,0,1981-01-01,40,5.926027397
Michael Kram,Conservative Party of Canada,43,9971,47009,SK,M,Yes,Yes,11,0,1,0,1978-12-20,42,1.917808219
Ziad Aboultaif,Conservative Party of Canada,43,9985,48016,AB,M,Yes,Yes,11,0,2,0,1966-09-10,55,5.926027397
Mélanie Joly,Liberal Party of Canada,43,9999,24003,QC,F,Yes,Yes,147,0,0,0,1979-01-16,42,5.926027397
Harjit S. Sajjan,Liberal Party of Canada,43,10014,59040,BC,M,Yes,Yes,181,0,0,0,1970-09-06,51,5.926027397
Stéphane Lauzon,Liberal Party of Canada,43,10029,24005,QC,M,Yes,Yes,8,0,5,1,1966-04-27,55,5.926027397
Angelo Iacono,Liberal Party of Canada,43,10031,24004,QC,M,Yes,Yes,10,0,11,1,1965-03-17,56,5.926027397
Ruby Sahota,Liberal Party of Canada,43,10044,35010,ON,F,Yes,Yes,7,0,3,1,,,5.926027397
Jonathan Wilkinson,Liberal Party of Canada,43,10050,59021,BC,M,Yes,Yes,133,0,0,0,1965-06-11,56,5.926027397
Sonia Sidhu,Liberal Party of Canada,43,10053,35011,ON,F,Yes,Yes,9,1,4,1,1968-01-03,53,5.926027397
Paul Manly,Green Party of Canada,43,10056,59018,BC,M,Yes,No,31,2,4,1,1964-04-19,57,2.378082192
Ali Ehsassi,Liberal Party of Canada,43,10068,35115,ON,M,Yes,Yes,19,0,5,1,1970-04-24,51,5.926027397
Bardish Chagger,Liberal Party of Canada,43,10075,35112,ON,F,Yes,Yes,61,0,0,0,1980-04-06,41,5.926027397
Francesco Sorbara,Liberal Party of Canada,43,10081,35111,ON,M,Yes,Yes,16,0,6,1,1971-02-28,50,5.926027397
Shannon Stubbs,Conservative Party of Canada,43,10099,48025,AB,F,Yes,Yes,68,1,4,0,1979-12-08,41,5.926027397
Karina Gould,Liberal Party of Canada,43,10117,35015,ON,F,Yes,Yes,35,0,0,0,1987-06-28,34,5.926027397
Arnold Viersen,Conservative Party of Canada,43,10131,48028,AB,M,Yes,Yes,4,1,3,0,1986-05-03,35,5.926027397
Terry Sheehan,Liberal Party of Canada,43,10134,35092,ON,M,Yes,Yes,3,0,1,1,1970-01-01,51,5.926027397
Jim Carr,Liberal Party of Canada,43,10146,46014,MB,M,Yes,Yes,0,0,0,0,1951-10-11,69,5.926027397
Xavier Barsalou-Duval,Bloc Québécois,43,10162,24014,QC,M,Yes,Yes,34,1,1,1,1988-11-10,32,5.926027397
Bernadette Jordan,Liberal Party of Canada,43,10182,12009,NS,F,Yes,No,47,0,0,0,1963-04-07,58,5.926027397
Yves Perron,Bloc Québécois,43,10193,24012,QC,M,Yes,Yes,26,0,8,1,,,1.917808219
Julie Dabrusin,Liberal Party of Canada,43,10204,35109,ON,F,Yes,Yes,29,0,6,1,1971-04-16,50,5.926027397
Randeep Singh Sarai,Liberal Party of Canada,43,10214,59032,BC,M,Yes,Yes,10,0,4,1,1975-04-15,46,5.926027397
Paul Lefebvre,Liberal Party of Canada,43,10228,35103,ON,M,No,.,44,1,9,1,01-Jan-74,47,5.926027397
Patty Hajdu,Liberal Party of Canada,43,10240,35106,ON,F,Yes,Yes,538,0,0,0,1966-11-03,54,5.926027397
Gudie Hutchings,Liberal Party of Canada,43,10248,10005,NL,F,Yes,Yes,18,0,2,1,1959-09-01,62,5.926027397
Seamus O'Regan,Liberal Party of Canada,43,10256,10007,NL,M,Yes,Yes,101,0,0,0,1971-01-18,50,5.926027397
Kenneth McDonald,Liberal Party of Canada,43,10263,10001,NL,M,Yes,Yes,3,0,2,1,Jun-59,62,5.926027397
Jody Wilson-Raybould,Independent,43,10273,59036,BC,F,No,.,19,0,0,1,1971-03-23,50,5.926027397
Kenny Chiu,Conservative Party of Canada,43,10274,59031,BC,M,Yes,No,15,1,7,0,1965-01-01,56,1.917808219
Rachel Blaney,New Democratic Party,43,10277,59037,BC,F,Yes,Yes,42,1,3,1,1974-09-18,47,5.926027397
Chris Bittle,Liberal Party of Canada,43,10281,35089,ON,M,Yes,Yes,49,0,1,1,1979-02-17,42,5.926027397
Arif Virani,Liberal Party of Canada,43,10296,35081,ON,M,Yes,Yes,40,0,8,1,1971-11-23,49,5.926027397
John Nater,Conservative Party of Canada,43,10301,35083,ON,M,Yes,Yes,8,1,3,0,1984-02-14,37,5.926027397
Jennifer O'Connell,Liberal Party of Canada,43,10309,35085,ON,F,Yes,Yes,51,0,5,1,1983-01-01,38,5.926027397
Maryam Monsef,Liberal Party of Canada,43,10312,35084,ON,F,Yes,No,62,0,0,0,1984-11-07,36,5.926027397
Majid Jowhari,Liberal Party of Canada,43,10314,35087,ON,M,Yes,Yes,5,1,6,1,1960-10-24,60,5.926027397
Alain Rayes,Conservative Party of Canada,43,10340,24061,QC,M,Yes,Yes,127,1,5,0,1971-12-11,49,5.926027397
Monique Pauzé,Bloc Québécois,43,10345,24060,QC,F,Yes,Yes,19,0,3,1,1950-01-01,71,5.926027397
Rhéal Fortin,Bloc Québécois,43,10348,24063,QC,M,Yes,Yes,54,0,3,1,,,5.926027397
Yves Robillard,Liberal Party of Canada,43,10359,24065,QC,M,Yes,Yes,8,0,5,1,01-Jan-42,79,5.926027397
Catherine McKenna,Liberal Party of Canada,43,10380,35075,ON,F,No,.,43,0,0,0,1971-08-05,50,5.926027397
Pam Damoff,Liberal Party of Canada,43,10399,35073,ON,F,Yes,Yes,8,0,10,1,,,5.926027397
Michael McLeod,Liberal Party of Canada,43,10410,61001,NT,M,Yes,Yes,9,0,2,1,1959-09-06,62,5.926027397
Richard Cannings,New Democratic Party,43,10418,59029,BC,M,Yes,Yes,19,0,3,1,1954-03-31,67,5.926027397
Garnett Genuis,Conservative Party of Canada,43,10426,48032,AB,M,Yes,Yes,50,1,6,0,1987-01-23,34,5.926027397
Mel Arnold,Conservative Party of Canada,43,10435,59020,BC,M,Yes,Yes,6,0,4,0,1958-01-01,63,5.926027397
Bill Blair,Liberal Party of Canada,43,10439,35098,ON,M,Yes,Yes,227,0,0,0,1954-04-09,67,5.926027397
Ken Hardie,Liberal Party of Canada,43,10447,59012,BC,M,Yes,Yes,3,0,8,1,1947-01-01,74,5.926027397
Kamal Khera,Liberal Party of Canada,43,10450,35012,ON,F,Yes,Yes,3,0,4,1,1989-02-04,32,5.926027397
Marilyn Gladu,Conservative Party of Canada,43,10459,35091,ON,F,Yes,Yes,21,1,6,0,1962-01-01,59,5.926027397
Shaun Chen,Liberal Party of Canada,43,10463,35096,ON,M,Yes,Yes,1,0,2,1,1980-09-18,41,5.926027397
Gary Anandasangaree,Liberal Party of Canada,43,10468,35097,ON,M,Yes,Yes,20,0,9,1,,,5.926027397
Salma Zahid,Liberal Party of Canada,43,10475,35094,ON,F,Yes,Yes,9,0,1,1,1970-05-26,51,5.926027397
Alistair MacGregor,New Democratic Party,43,10483,59010,BC,M,Yes,Yes,14,5,1,1,1979-05-04,42,5.926027397
Carla Qualtrough,Liberal Party of Canada,43,10497,59011,BC,F,Yes,Yes,97,0,0,0,1971-10-15,49,5.926027397
François-Philippe Champagne,Liberal Party of Canada,43,10510,24070,QC,M,Yes,Yes,117,0,0,0,1970-06-25,51,5.926027397
Marc Miller,Liberal Party of Canada,43,10523,24077,QC,M,Yes,Yes,90,0,0,0,1973-03-12,48,5.926027397
Peter Schiefke,Liberal Party of Canada,43,10531,24074,QC,M,Yes,Yes,48,0,9,1,1979-04-13,42,5.926027397
Michel Boudrias,Bloc Québécois,43,10533,24075,QC,M,Yes,No,1,0,1,1,01-Jan-77,44,5.926027397
Leona Alleslev,Conservative Party of Canada,43,10542,35003,ON,F,Yes,No,101,0,2,0,1968-03-16,53,5.926027397
John Brassard,Conservative Party of Canada,43,10554,35004,ON,M,Yes,Yes,25,0,12,0,1964-05-11,57,5.926027397
Nathaniel Erskine-Smith,Liberal Party of Canada,43,10557,35007,ON,M,Yes,Yes,2,2,1,1,1984-06-15,37,5.926027397
Neil Ellis,Liberal Party of Canada,43,10562,35006,ON,M,Yes,No,15,0,1,1,01-Jan-61,60,5.926027397
Ramesh Sangha,Liberal Party of Canada,43,10572,35008,ON,M,No,.,9,0,3,1,1945-06-06,76,5.926027397
Glen Motz,Conservative Party of Canada,43,10582,48027,AB,M,Yes,Yes,25,0,3,0,1958-01-01,63,4.909589041
Bob Benzen,Conservative Party of Canada,43,10588,48007,AB,M,Yes,Yes,2,0,2,0,1959-03-03,62,4.468493151
Stephanie Kusie,Conservative Party of Canada,43,10593,48008,AB,F,Yes,Yes,40,0,7,0,01-Jan-73,48,4.468493151
Mary Ng,Liberal Party of Canada,43,10596,35055,ON,F,Yes,Yes,106,0,0,1,1969-12-16,51,4.468493151
Mona Fortier,Liberal Party of Canada,43,10601,35078,ON,F,Yes,Yes,46,0,0,0,01-Jan-72,49,4.468493151
Emmanuella Lambropoulos,Liberal Party of Canada,43,10604,24068,QC,F,Yes,Yes,10,1,4,1,1990-09-12,31,4.468493151
Dane Lloyd,Conservative Party of Canada,43,10607,48033,AB,M,Yes,Yes,9,1,2,0,1991-02-16,30,3.912328767
Churence Rogers,Liberal Party of Canada,43,10616,10002,NL,M,Yes,Yes,5,0,2,1,1953-06-03,68,3.778082192
Jean Yip,Liberal Party of Canada,43,10619,35093,ON,F,Yes,Yes,12,0,2,1,1968-01-01,53,3.778082192
Rosemarie Falk,Conservative Party of Canada,43,10624,47001,SK,F,Yes,Yes,18,0,9,0,1988-01-01,33,3.778082192
Richard Martel,Conservative Party of Canada,43,10628,24022,QC,M,Yes,Yes,131,0,6,0,1961-03-23,60,3.260273973
Michael Barrett,Conservative Party of Canada,43,10631,35050,ON,M,Yes,Yes,86,0,8,0,01-Jan-84,37,2.8
Scot Davidson,Conservative Party of Canada,43,10649,35119,ON,M,Yes,Yes,8,1,4,1,,,2.569863014
Tako Van Popta,Conservative Party of Canada,43,10660,59016,BC,M,Yes,Yes,10,0,4,1,1953-05-29,68,1.917808219
Chris d'Entremont,Conservative Party of Canada,43,10669,12011,NS,M,Yes,Yes,34,0,6,0,1969-10-31,51,1.917808219
Soraya Martinez Ferrada,Liberal Party of Canada,43,10679,24028,QC,F,Yes,Yes,18,0,12,1,1972-08-28,49,1.917808219
Dave Epp,Conservative Party of Canada,43,10797,35017,ON,M,Yes,Yes,12,0,3,0,1962-06-10,59,1.917808219
Jenica Atwin,Green Party of Canada,43,10798,13003,NB,F,Yes,Yes,23,1,5,1,1987-01-10,34,1.917808219
Sameer Zuberi,Liberal Party of Canada,43,10878,24056,QC,M,Yes,Yes,3,0,5,1,1979-08-01,42,1.917808219
Tamara Jansen,Conservative Party of Canada,43,10906,59007,BC,F,Yes,No,9,0,4,0,1967-01-01,54,1.917808219
Laurel Collins,New Democratic Party,43,10914,59041,BC,F,Yes,Yes,23,0,6,1,1984-05-07,37,1.917808219
Raquel Dancho,Conservative Party of Canada,43,10936,46006,MB,F,Yes,Yes,52,0,3,0,1990-04-16,31,1.917808219
Tracy Gray,Conservative Party of Canada,43,10943,59014,BC,F,Yes,Yes,55,0,6,0,1969-01-01,52,1.917808219
Yvan Baker,Liberal Party of Canada,43,10962,35027,ON,M,Yes,Yes,10,1,3,1,1977-12-08,43,1.917808219
Chris Lewis,Conservative Party of Canada,43,10968,35026,ON,M,Yes,Yes,13,0,3,0,1979-06-15,42,1.917808219
Lianne Rood,Conservative Party of Canada,43,11011,35048,ON,F,Yes,Yes,37,0,5,0,1979-01-01,42,1.917808219
Eric Melillo,Conservative Party of Canada,43,11036,35042,ON,M,Yes,Yes,20,0,7,0,1998-03-27,23,1.917808219
Jag Sahota,Conservative Party of Canada,43,11049,48013,AB,F,Yes,No,20,1,4,0,1978-01-01,43,1.917808219
Martin Champoux,Bloc Québécois,43,11064,24025,QC,M,Yes,Yes,16,0,5,1,1968-05-03,53,1.917808219
Caroline Desbiens,Bloc Québécois,43,11092,24020,QC,F,Yes,Yes,4,0,2,1,1963-01-01,58,1.917808219
Dan Mazier,Conservative Party of Canada,43,11113,46004,MB,M,Yes,Yes,15,1,4,0,1963-01-01,58,1.917808219
Jaime Battiste,Liberal Party of Canada,43,11119,12010,NS,M,Yes,Yes,14,0,4,1,1979-01-01,42,1.917808219
Derek Sloan,Conservative Party of Canada,43,11136,35039,ON,M,Yes,No,11,0,2,0,1984-11-11,36,1.917808219
Matthew Green,New Democratic Party,43,11179,35035,ON,M,Yes,Yes,19,0,7,1,1980-09-10,41,1.917808219
Adam van Koeverden,Liberal Party of Canada,43,11211,35057,ON,M,Yes,Yes,7,0,9,1,1982-01-29,39,1.917808219
Helena Jaczek,Liberal Party of Canada,43,11213,35054,ON,F,Yes,Yes,9,1,4,1,1950-11-05,70,1.917808219
Lindsay Mathyssen,New Democratic Party,43,11235,35051,ON,F,Yes,Yes,45,3,6,1,1978-01-01,43,1.917808219
Brad Redekopp,Conservative Party of Canada,43,11243,47012,SK,M,Yes,Yes,8,0,3,1,1964-01-01,57,1.917808219
Corey Tochor,Conservative Party of Canada,43,11248,47011,SK,M,Yes,Yes,4,0,2,0,1976-01-01,45,1.917808219
Damien Kurek,Conservative Party of Canada,43,11265,48002,AB,M,Yes,Yes,18,0,3,0,1989-11-28,31,1.917808219
Greg McLean,Conservative Party of Canada,43,11274,48004,AB,M,Yes,Yes,24,2,4,0,,,1.917808219
Jasraj Singh Hallan,Conservative Party of Canada,43,11282,48006,AB,M,Yes,Yes,22,1,5,0,,,1.917808219
Alain Therrien,Bloc Québécois,43,11301,24034,QC,M,Yes,Yes,123,1,7,1,1966-07-06,55,1.917808219
Alexis Brunelle-Duceppe,Bloc Québécois,43,11304,24035,QC,M,Yes,Yes,26,1,6,1,1979-07-01,42,1.917808219
Mario Simard,Bloc Québécois,43,11311,24032,QC,M,Yes,Yes,22,1,0,1,,,1.917808219
Kody Blois,Liberal Party of Canada,43,11329,12007,NS,M,Yes,Yes,4,0,6,1,1991-01-17,30,1.917808219
Lenore Zann,Liberal Party of Canada,43,11354,12003,NS,F,Yes,No,9,1,4,1,1959-11-22,61,1.917808219
Marie-Hélène Gaudreau,Bloc Québécois,43,11358,24038,QC,F,Yes,Yes,11,0,5,1,1976-11-24,44,1.917808219
Steven Guilbeault,Liberal Party of Canada,43,11364,24039,QC,M,Yes,Yes,132,0,0,0,1970-06-09,51,1.917808219
Han Dong,Liberal Party of Canada,43,11382,35020,ON,M,Yes,Yes,5,0,2,1,1977-01-01,44,1.917808219
Tony Van Bynen,Liberal Party of Canada,43,11438,35065,ON,M,Yes,Yes,11,0,7,1,1950-04-05,71,1.917808219
Heather McPherson,New Democratic Party,43,11452,48019,AB,F,Yes,Yes,35,2,5,1,1972-05-09,49,1.917808219
Warren Steinley,Conservative Party of Canada,43,11482,47007,SK,M,Yes,Yes,28,0,1,0,1982-04-27,39,1.917808219
Jeremy Patzer,Conservative Party of Canada,43,11495,47002,SK,M,Yes,Yes,17,0,4,0,1987-03-26,34,1.917808219
Gary Vidal,Conservative Party of Canada,43,11499,47003,SK,M,Yes,Yes,23,0,5,0,1965-01-01,56,1.917808219
Sébastien Lemire,Bloc Québécois,43,11506,24002,QC,M,Yes,Yes,18,0,4,1,,,1.917808219
Sylvie Bérubé,Bloc Québécois,43,11509,24001,QC,F,Yes,Yes,6,1,5,1,1959-01-01,62,1.917808219
Richard Lehoux,Conservative Party of Canada,43,11522,24007,QC,M,Yes,Yes,34,0,4,0,1956-01-01,65,1.917808219
Kristina Michaud,Bloc Québécois,43,11527,24006,QC,F,Yes,Yes,48,1,5,1,1993-02-01,28,1.917808219
Julie Vignola,Bloc Québécois,43,11548,24008,QC,F,Yes,Yes,42,1,1,1,1977-01-01,44,1.917808219
Ryan Turnbull,Liberal Party of Canada,43,11586,35114,ON,M,Yes,Yes,6,0,3,1,1977-07-15,44,1.917808219
Alex Ruff,Conservative Party of Canada,43,11633,35014,ON,M,Yes,Yes,13,0,10,0,1974-01-01,47,1.917808219
Leah Gazan,New Democratic Party,43,11678,46011,MB,F,Yes,Yes,35,1,8,1,1971-01-01,50,1.917808219
Marty Morantz,Conservative Party of Canada,43,11685,46002,MB,M,Yes,Yes,22,1,5,0,1962-04-07,59,1.917808219
Maxime Blanchette-Joncas,Bloc Québécois,43,11688,24018,QC,M,Yes,Yes,9,2,4,1,1989-08-15,32,1.917808219
Lyne Bessette,Liberal Party of Canada,43,11709,24016,QC,F,No,.,16,0,6,1,1975-03-10,46,1.917808219
Yves-François Blanchet,Bloc Québécois,43,11730,24011,QC,M,Yes,Yes,196,0,9,1,1965-04-14,56,1.917808219
Louise Chabot,Bloc Québécois,43,11741,24013,QC,F,Yes,Yes,18,0,8,1,1955-01-01,66,1.917808219
Eric Duncan,Conservative Party of Canada,43,11780,35102,ON,M,Yes,Yes,12,1,3,0,1987-11-10,33,1.917808219
Marcus Powlowski,Liberal Party of Canada,43,11796,35105,ON,M,Yes,Yes,2,0,3,1,1960-01-20,61,1.917808219
Gerald Soroka,Conservative Party of Canada,43,11824,48034,AB,M,Yes,Yes,17,0,3,0,,,1.917808219
Mike Kelloway,Liberal Party of Canada,43,11877,12001,NS,M,Yes,Yes,10,0,5,1,1970-09-09,51,1.917808219
Patricia Lattanzio,Liberal Party of Canada,43,11904,24069,QC,F,Yes,Yes,19,0,4,1,,,1.917808219
Scott Aitchison,Conservative Party of Canada,43,11913,35082,ON,M,Yes,Yes,7,0,1,0,1973-01-14,48,1.917808219
Mumilaaq Qaqqaq,New Democratic Party,43,11917,62001,NU,F,No,.,8,1,5,1,1993-11-04,27,1.917808219
Luc Desilets,Bloc Québécois,43,11936,24062,QC,M,Yes,Yes,11,0,5,1,1959-02-09,62,1.917808219
Christine Normandin,Bloc Québécois,43,11954,24067,QC,F,Yes,Yes,99,0,3,1,1984-04-30,37,1.917808219
Simon-Pierre Savard-Tremblay,Bloc Québécois,43,11959,24066,QC,M,Yes,Yes,26,0,4,1,1988-05-11,33,1.917808219
Marie-France Lalonde,Liberal Party of Canada,43,11973,35076,ON,F,Yes,Yes,20,0,14,1,1971-01-01,50,1.917808219
Philip Lawrence,Conservative Party of Canada,43,11987,35071,ON,M,Yes,Yes,19,1,3,0,,,1.917808219
Anita Anand,Liberal Party of Canada,43,11992,35072,ON,F,Yes,Yes,144,0,0,0,1967-05-20,54,1.917808219
Patrick Weiler,Liberal Party of Canada,43,12022,59042,BC,M,Yes,Yes,12,0,8,1,1986-04-30,35,1.917808219
Taylor Bachrach,New Democratic Party,43,12032,59028,BC,M,Yes,Yes,25,1,3,1,1978-01-01,43,1.917808219
Terry Dowdall,Conservative Party of Canada,43,12052,35099,ON,M,Yes,Yes,3,0,3,0,1964-01-01,57,1.917808219
Annie Koutrakis,Liberal Party of Canada,43,12110,24078,QC,F,Yes,Yes,19,1,5,1,1960-11-22,60,1.917808219
Andréanne Larouche,Bloc Québécois,43,12125,24072,QC,F,Yes,Yes,47,0,9,1,1982-09-07,39,1.917808219
Élisabeth Brière,Liberal Party of Canada,43,12129,24073,QC,F,Yes,Yes,12,0,10,1,1968-01-01,53,1.917808219
Louise Charbonneau,Bloc Québécois,43,12146,24076,QC,F,No,.,2,0,2,1,1951-01-31,70,1.917808219
Doug Shipley,Conservative Party of Canada,43,12195,35005,ON,M,Yes,Yes,10,0,2,0,1966-06-10,55,1.917808219
Maninder Sidhu,Liberal Party of Canada,43,12210,35009,ON,M,Yes,Yes,5,0,3,1,1984-04-26,37,1.917808219
Nelly Shin,Conservative Party of Canada,43,12222,59023,BC,F,Yes,No,13,0,6,0,1971-01-01,50,1.917808219
Rob Morrison,Conservative Party of Canada,43,12228,59015,BC,M,Yes,Yes,10,0,4,0,1956-05-03,65,1.917808219
Marci Ien,Liberal Party of Canada,43,12231,35108,ON,F,Yes,Yes,4,0,2,1,1969-07-29,52,0.901369863
Ya'ara Saks,Liberal Party of Canada,43,12234,35118,ON,F,Yes,Yes,8,0,2,1,1973-03-09,48,0.901369863